Name,New Address,Website,Rating,Tag,Image_1,Image_2,Image_3,Image_4
더블린테라스,(우)06130 서울시 강남구 강남대로94길 27-15,https://korean.visitseoul.net/restaurants/Dublin-Terrace-TC/TCP001064?utm_source=seoulopendata&utm_medium=restaurants&utm_content=TCP001064,5.0,"# 강남역술집, #안주맛집, # 파티장소, # 아이리시펍, # 강남펍, # 더블린테라스, #성패트릭데이, # 강남맥주, # 바, # 강남맛집, # 펍, #  홀리나이트파티",더블린테라스_1.jpg,더블린테라스_2.jpg,더블린테라스_3.jpg,더블린테라스_4.jpg
정감어린,04336 서울시 용산구 후암로 4,https://korean.visitseoul.net/restaurants/Jeonggam-Eorin-Foody-Goody/ENP010294?utm_source=seoulopendata&utm_medium=restaurants&utm_content=ENP010294,4.5,"#숙대입구역, #숙대음식점, #후암동음식점, #숙대, #정감어린, #돼지갈비, #갈비, #용산고기집",정감어린_1.jpg,정감어린_2.jpg,정감어린_3.jpg,정감어린_4.jpg
오세계향,서울시 종로구 인사동12길 14-5 (우)03146,https://korean.visitseoul.net/restaurants/Ohsaegyehyang-TC/TCP001670?utm_source=seoulopendata&utm_medium=restaurants&utm_content=TCP001670,4.5,"#비건맛집, # 뷔페, # 베지테리언레스토랑, # 채식맛집, # 한식, # 비건식당, # 찌개, # 채식, # 인사동맛집, # 전골, #한식맛집, # 친환경식당, # 오세계향",오세계향_1.jpg,오세계향_2.jpg,오세계향_3.jpg,오세계향_4.jpg
페르시안궁전,서울시 종로구 성균관로6길 9 (우)03074,https://korean.visitseoul.net/restaurants/波斯宮殿Persian-Palace-TC/TCP013364?utm_source=seoulopendata&utm_medium=restaurants&utm_content=TCP013364,5.0,"#성균관대맛집, #혜화역, # 매운커리전문, #커리통닭정식, #난, #카레라이스, #이란카레, #대학로맛집, # 이란음식점, #혜화맛집, #페르시안궁전",페르시안궁전_1.jpg,페르시안궁전_2.jpg,페르시안궁전_3.jpg,페르시안궁전_4.jpg
동북화과왕,(03119) 서울시 종로구 종로46길 11,https://korean.visitseoul.net/restaurants/东北火锅王Dongbukhwagwawang/CNP004309?utm_source=seoulopendata&utm_medium=restaurants&utm_content=CNP004309,4.5,"#중식맛집, #동북화과왕, #양꼬치, #동대문역, #동대문음식점, # 중식, #동대문맛집, #연변식 중국요리",동북화과왕_1.jpg,동북화과왕_2.jpg,동북화과왕_3.jpg,동북화과왕_4.jpg
삼청각,"02822 서울특별시 성북구 대사관로 3 (성북동, 삼청각)",https://korean.visitseoul.net/restaurants/Samcheonggak-EN/ENP007290?utm_source=seoulopendata&utm_medium=restaurants&utm_content=ENP007290,4.5,"#광화문, #전통혼례, #한정식, #한옥식당, #서울벚꽃, #삼청각, #성북동, #전통음식",삼청각_1.jpg,삼청각_2.jpg,삼청각_3.jpg,삼청각_4.jpg
이남장(삼성동점),(우)06172 서울시 강남구 봉은사로108길 21,https://korean.visitseoul.net/restaurants/Inamjang-CN/CNP005049?utm_source=seoulopendata&utm_medium=restaurants&utm_content=CNP005049,4.5,"#한식맛집, #설렁탕, #삼성, #도가니탕, # 삼성맛집, #이남장, #코엑스, #우설, #삼성동음식점, #봉은사역",이남장(삼성동점)_1.jpg,이남장(삼성동점)_2.jpg,이남장(삼성동점)_3.jpg,이남장(삼성동점)_4.jpg
혜화칼국수,03076 서울특별시 종로구 창경궁로35길 13 (혜화동),https://korean.visitseoul.net/restaurants/혜화칼국수-KR/KOP012739?utm_source=seoulopendata&utm_medium=restaurants&utm_content=KOP012739,4.5,"#수요미식회, #국시, #칼국수맛집, #혜화맛집, #녹두빈대떡, #대학로맛집, #혜화칼국수, #혜화역",혜화칼국수_1.jpg,혜화칼국수_2.jpg,혜화칼국수_3.jpg,혜화칼국수_4.jpg
라본느타르트,"서울시 서대문구 연대동문길 29, 1층 (03721)",https://korean.visitseoul.net/restaurants/LaBonneTarte44/TCP003612?utm_source=seoulopendata&utm_medium=restaurants&utm_content=TCP003612,4.5,"#베이커리, #신촌디저트카페, #이대카페, #이대역, #라본느타르트, #타르트맛집, #파이, #이대맛집, #카페",라본느타르트_1.jpg,라본느타르트_2.jpg,라본느타르트_3.jpg,라본느타르트_4.jpg
나폴레옹과자점,02880 서울 성북구 성북로 7,https://korean.visitseoul.net/restaurants/나폴레옹/KOP006613?utm_source=seoulopendata&utm_medium=restaurants&utm_content=KOP006613,4.5,"# 서울3대빵집, # 성북동, # 대학로, # 서울미래유산, #오래가게, # 제과점, #빵, # 케이크",나폴레옹과자점_1.jpg,나폴레옹과자점_2.jpg,나폴레옹과자점_3.jpg,나폴레옹과자점_4.jpg
그랑씨엘,06021 서울시 강남구(강남구) 도산데로 45길 16-6,https://korean.visitseoul.net/restaurants/Grand-Ciel2/JPP004897?utm_source=seoulopendata&utm_medium=restaurants&utm_content=JPP004897,4.5,"#압구정맛집, # 브런치음식점, # 파스타, #압구정음식점, # 테라스레스토랑, # 양식맛집, # 이탈리아가정식, # 신사동맛집, # 그랑씨엘, # 도산공원음식점",그랑씨엘_1.jpg,그랑씨엘_2.jpg,그랑씨엘_3.jpg,그랑씨엘_4.jpg
완차이,(우)03777 서울시 서대문구 미스틱스트리트 50-7,https://korean.visitseoul.net/restaurants/灣菜Wan-Chai/TCP012577?utm_source=seoulopendata&utm_medium=restaurants&utm_content=TCP012577,4.5,"#홍콩식요리, # 홍합요리, #완차이, #자장면, # 중식맛집, #신촌맛집, # 사천식요리, #짬뽕, #중식, #신촌역, #중국집",완차이_1.jpg,완차이_2.jpg,완차이_3.jpg,완차이_4.jpg
벽제갈비 타워팰리스점,06294 서울시 강남구 온주로 30길 26 (도곡동),https://korean.visitseoul.net/restaurants/ピョクチェ・カルビ-タワーパレス店/JPP005524?utm_source=seoulopendata&utm_medium=restaurants&utm_content=JPP005524,5.0,"#갈비맛집, #벽제타워팰리스, # 월스트리트저널, #벽제갈비, #갈비구이, # 인기맛집, # 유명맛집, #도곡동음식점, #한우음식점, #평양냉면, # 한식맛집, # 아시아5대음식점, # 타워팰리스맛집, #소갈비, #매봉역",벽제갈비 타워팰리스점_1.jpg,벽제갈비 타워팰리스점_2.jpg,벽제갈비 타워팰리스점_3.jpg,벽제갈비 타워팰리스점_4.jpg
그란구스또,135-280 서울시 강남구 삼성로340 (대치동),https://korean.visitseoul.net/restaurants/Gran-Gusto/JPP005115?utm_source=seoulopendata&utm_medium=restaurants&utm_content=JPP005115,5.0,"#이탈리안레스토랑, # 이탈리아식, # 코스요리, # 그란구스또, # 삼성역, # 대치동맛집, # 양식맛집, # 파스타맛집, #파스타, #고등어파스타, # 삼성맛집",그란구스또_1.jpg,그란구스또_2.jpg,그란구스또_3.jpg,그란구스또_4.jpg
뿌자,03104 서울시 종로구 종로327 (창신동),https://korean.visitseoul.net/restaurants/Pooja-JP/JPP007890?utm_source=seoulopendata&utm_medium=restaurants&utm_content=JPP007890,4.5,"#네팔음식, #인도음식, # 동묘맛집, #레스토랑, #뿌자, #커리맛집, #동대문맛집, # 동묘앞역, #인도요리",뿌자_1.jpg,뿌자_2.jpg,뿌자_3.jpg,뿌자_4.jpg
콰이19,(우)06028 서울시 강남구 강남대로162길 41-20,https://korean.visitseoul.net/restaurants/Kuai-194/TCP005776?utm_source=seoulopendata&utm_medium=restaurants&utm_content=TCP005776,4.5,"#가로수길맛집, #콰이19, #중국음식맛집, #레스토랑, #신사역, #신사맛집, #유린기, # 퓨전중식, #중식, # 중식맛집",콰이19_1.jpg,콰이19_2.jpg,콰이19_3.jpg,콰이19_4.jpg
부산양곱창,06147 서울특별시 강남구 언주로98길 8-1,https://korean.visitseoul.net/restaurants/Busan-Yanggopchang/ENP004661?utm_source=seoulopendata&utm_medium=restaurants&utm_content=ENP004661,5.0,"#대창맛집, #곱창, #선릉맛집, #강남맛집, # 곱창맛집, #역삼동맛집, #한식, # 양구이, #부산양곱창, #역삼, # 대창",부산양곱창_1.jpg,부산양곱창_2.jpg,부산양곱창_3.jpg,부산양곱창_4.jpg
폴앤폴리나,서울시 서대문구 연희로11길 56 (우)03703,https://korean.visitseoul.net/restaurants/Paul--Paulina-TC/TCP006661?utm_source=seoulopendata&utm_medium=restaurants&utm_content=TCP006661,4.5,"#연희동빵집, #베이커리, # 유럽식빵집, #천연발효빵, #홍대입구역, #수요미식회, #폴앤폴리나",폴앤폴리나_1.jpg,폴앤폴리나_2.jpg,폴앤폴리나_3.jpg,폴앤폴리나_4.jpg
돈수백,04050 서울시 마포구 홍익로6길 56,https://korean.visitseoul.net/restaurants/Donsoobaek2/ENP007461?utm_source=seoulopendata&utm_medium=restaurants&utm_content=ENP007461,4.5,"#돼지국밥, #곱창전골, #돈수백, #홍대밥집, # 만두, #한식, #홍대맛집",돈수백_1.jpg,돈수백_2.jpg,돈수백_3.jpg,돈수백_4.jpg
갯마을낙지,"05562 서울 송파구 백제고분로9길 6 (잠실동, sms)",https://korean.visitseoul.net/restaurants/갯마을낙지/KOP006597?utm_source=seoulopendata&utm_medium=restaurants&utm_content=KOP006597,5.0,"#낙지, #잠실음식점, #연포탕, #낙지전문점, #갯마을낙지집, #신천음식점, #종합운동장역, #한식",갯마을낙지_1.jpg,갯마을낙지_2.jpg,갯마을낙지_3.jpg,갯마을낙지_4.jpg
홈수끼 (Home Sukki),"05638 서울 송파구 위례성대로 134 (방이동, 한스빌딩)",https://korean.visitseoul.net/restaurants/홈수키/KOP006334?utm_source=seoulopendata&utm_medium=restaurants&utm_content=KOP006334,5.0,"#샤부샤부, #방이역, # 태국수키, # 아시안음식점, #잠실맛집, #먹자골목, #레스토랑, #코스요리, #올림픽공원맛집, #홈수끼, #방이동맛집",홈수끼 (Home Sukki)_1.jpg,홈수끼 (Home Sukki)_2.jpg,홈수끼 (Home Sukki)_3.jpg,홈수끼 (Home Sukki)_4.jpg
두레국수,06024 서울시 강남구 도산대로37길 28,https://korean.visitseoul.net/restaurants/都来面条/CNP021598?utm_source=seoulopendata&utm_medium=restaurants&utm_content=CNP021598,4.5,"#진짜맛집, #국수집, # 비빔국수, #압구정음식점, #두레국수, #김태희, #한류명소, # 맛집, #신사동음식점, # 압구정역, #곱창전골, #나얼, #박보검, #한류스타단골명소",두레국수_1.jpg,두레국수_2.jpg,두레국수_3.jpg,두레국수_4.jpg
백리향,07345 서울시 영등포(영등포)구 63로50 (여의도동) 57층,https://korean.visitseoul.net/restaurants/白里香/JPP004475?utm_source=seoulopendata&utm_medium=restaurants&utm_content=JPP004475,4.5,"#레스토랑, #중식, # 중식맛집, # 분위기맛집, #백리향, #63빌딩, # 여의도, #미쉐린가이드, # 정통중식, #미슐랭, # 모임장소, #여의도음식점",백리향_1.jpg,백리향_2.jpg,백리향_3.jpg,백리향_4.jpg
배드파머스,서울시 강남구 압구정로4로 31 (우)06028,https://korean.visitseoul.net/restaurants/BAD-FARMERS-/TCP015846?utm_source=seoulopendata&utm_medium=restaurants&utm_content=TCP015846,4.5,"#려원, #이효리, #한류관광, #빈지노, # 샐러드맛집, #착즙쥬스, # 건강주스, #유기농, #건강, #전지현, #이하늬, #다이어트, #배드파머스, #샐러드, #한류",배드파머스_1.jpg,배드파머스_2.jpg,배드파머스_3.jpg,배드파머스_4.jpg
나인스게이트그릴,04533 서울특별시 중구 소공로 106  (소공동),https://korean.visitseoul.net/restaurants/나인스게이트그릴1/KOP014354?utm_source=seoulopendata&utm_medium=restaurants&utm_content=KOP014354,4.5,"#브라스리, #호텔레스토랑, # 프렌치레스토랑, # 시청맛집, # 프랑스음식, # 나인스게이트그릴, # 양식맛집, # 시청역, # 웨스턴조선호텔",나인스게이트그릴_1.jpg,나인스게이트그릴_2.jpg,나인스게이트그릴_3.jpg,나인스게이트그릴_4.jpg
모던눌랑,06545 서울시 서초(서초)구 사평데로 205 (반포동) CENTRALCITY,https://korean.visitseoul.net/restaurants/MODERN-NÜLANG-JP/JPP017695?utm_source=seoulopendata&utm_medium=restaurants&utm_content=JPP017695,4.5,"#모던눌랑, #고속터미널역, # 고터맛집, # 파미에스테이션맛집, #중식, #파미에스테이션, #중식맛집, #코스요리, #반포음식점, #레스토랑, #중화요리",모던눌랑_1.jpg,모던눌랑_2.jpg,모던눌랑_3.jpg,모던눌랑_4.jpg
아르모니움,04401 서울시 용산구 용사광로33 (한남동),https://korean.visitseoul.net/restaurants/harmonium-jp/JPP024316?utm_source=seoulopendata&utm_medium=restaurants&utm_content=JPP024316,4.5,"#이탈리안레스토랑, # 테라스, # 이태원맛집, # 스테이크음식점, # 양식맛집, #한남동맛집, # 아르모니움, # 이태원음식점, # 스테이크맛집, # 한남동, # 파스타음식점, # 이탈리안",아르모니움_1.jpg,아르모니움_2.jpg,아르모니움_3.jpg,아르모니움_4.jpg
카페 로쏘,03054 서울 종로구 삼청로 81-12,https://korean.visitseoul.net/restaurants/카페-로쏘/KOP012557?utm_source=seoulopendata&utm_medium=restaurants&utm_content=KOP012557,4.5,"#삼청동카페로쏘, #커피숍, #로쏘, #초코케이크, #카페, #핸드드립커피, #오렌지케이크, #삼청동",카페 로쏘_1.jpg,카페 로쏘_2.jpg,카페 로쏘_3.jpg,카페 로쏘_4.jpg
손칼국수감자수제비,06054 서울 강남구 언주로150길 9,https://korean.visitseoul.net/restaurants/손국시/KOP007965?utm_source=seoulopendata&utm_medium=restaurants&utm_content=KOP007965,5.0,"#강남구청역, #손칼국수감자수제비, # 칼국수, # 수제비, #압구정맛집, # 논현동맛집, # 도산공원맛집, # 칼국수맛집, # 수제비맛집",손칼국수감자수제비_1.jpg,손칼국수감자수제비_2.jpg,손칼국수감자수제비_3.jpg,손칼국수감자수제비_4.jpg
두가헌,03062 서울특별시 종로구 삼청로 14 (사간동),https://korean.visitseoul.net/restaurants/두가헌/KOP006587?utm_source=seoulopendata&utm_medium=restaurants&utm_content=KOP006587,4.5,"#미슐랭, # 양식맛집, # 프랑스식, #프렌치레스토랑, # 부르스게타, #두가헌, # 프랑스요리, # 프랑스음식, # 와인바, # 삼청동맛집, # 안국역",두가헌_1.jpg,두가헌_2.jpg,두가헌_3.jpg,두가헌_4.jpg
꽃지,135-881 서울시 강남구 퐁은살로610 (삼성1동),https://korean.visitseoul.net/restaurants/コッチ/JPP005292?utm_source=seoulopendata&utm_medium=restaurants&utm_content=JPP005292,4.5,"#삼성맛집, #미슐랭, #삼성역, #게장, # 봉은사맛집, #미쉐린가이드, # 한식맛집, #코엑스음식점, #한정식, #봉은사역, #꽃지, #삼성동음식점",꽃지_1.jpg,꽃지_2.jpg,꽃지_3.jpg,꽃지_4.jpg
성천막국수,02614 서울 동대문구 답십리로48나길 2 (답십리동),https://korean.visitseoul.net/restaurants/성천막국수/KOP011689?utm_source=seoulopendata&utm_medium=restaurants&utm_content=KOP011689,4.5,"#동치미, #제육, # 답십리역, #강원도음식, # 막국수정식, #비빔막국수, #메밀, #성천막국수, #막국수, #답십리음식점",성천막국수_1.jpg,성천막국수_2.jpg,성천막국수_3.jpg,성천막국수_4.jpg
10꼬르소꼬모카페,06015 서울시 강남구 악정로416 (청담동),https://korean.visitseoul.net/restaurants/10-corso-como-cafe/JPP011717?utm_source=seoulopendata&utm_medium=restaurants&utm_content=JPP011717,4.5,"#10꼬르소꼬모카페, # 강남구청역, # 양식맛집, # 한류스타단골명소, # 브런치, # 디저트맛집, # 이탈리안레스토랑, # 파니니, # 청담카페, #청담음식점, # 청담맛집",10꼬르소꼬모카페_1.jpg,10꼬르소꼬모카페_2.jpg,10꼬르소꼬모카페_3.jpg,10꼬르소꼬모카페_4.jpg
팔선,(우)04605 서울시 중구 동호로 249 2층,https://korean.visitseoul.net/restaurants/Palseon-TC/TCP002486?utm_source=seoulopendata&utm_medium=restaurants&utm_content=TCP002486,4.5,"#동대입구역, #중식, #팔선, #신라호텔, #약수역, # 중식맛집, #중식레스토랑, #짜장면, # 약수맛집, #중식당, #수요미식회, # 동대맛집, #장충동중국집",팔선_1.jpg,팔선_2.jpg,팔선_3.jpg,팔선_4.jpg
명동곰돌이,06604 서울시 서초구 서초대로 55길 11,https://korean.visitseoul.net/restaurants/明洞熊宝宝Myeongdong-Gomdori/CNP013661?utm_source=seoulopendata&utm_medium=restaurants&utm_content=CNP013661,5.0,"#치킨, #국수, #교대역, #교대맛집, #식신로드, #명동곰돌이, #국수맛집, #국수전골",명동곰돌이_1.jpg,명동곰돌이_2.jpg,명동곰돌이_3.jpg,명동곰돌이_4.jpg
은주정,04546 서울시 중구 창경궁로8길 32,https://korean.visitseoul.net/restaurants/Eunjujeong/ENP013741?utm_source=seoulopendata&utm_medium=restaurants&utm_content=ENP013741,4.5,"#방산시장, #김치찌개, #은주정, #을지로4가역, #삼겹살, #을지로맛집, #수요미식회",은주정_1.jpg,은주정_2.jpg,은주정_3.jpg,은주정_4.jpg
영동설렁탕,06525 서울시 서초구 강남대로101안길 24,https://korean.visitseoul.net/restaurants/Yeongdong-Seolleongtang/ENP004984?utm_source=seoulopendata&utm_medium=restaurants&utm_content=ENP004984,4.5,"# 설렁탕맛집, # 수육, # 설렁탕, # 영동설렁탕, # 신사맛집, #한식맛집, # 신사역, # 한식",영동설렁탕_1.jpg,영동설렁탕_2.jpg,영동설렁탕_3.jpg,영동설렁탕_4.jpg
파크루안 역삼점,06223 서울특별시 강남구 논현로 430 (역삼동) 아세아빌딩 지하 1층,https://korean.visitseoul.net/restaurants/루안-KR/KOP013134?utm_source=seoulopendata&utm_medium=restaurants&utm_content=KOP013134,4.5,"#중식당, #강남맛집, #역삼역맛집, # 중식맛집, # 정통중국요리, #루안, #중식, #딤섬, #역삼역, #역삼동맛집, #면요리",파크루안 역삼점_1.jpg,파크루안 역삼점_2.jpg,파크루안 역삼점_3.jpg,파크루안 역삼점_4.jpg
오구반점,04543 서울시 중(구)구 수평로 60 (을지로 3가),https://korean.visitseoul.net/restaurants/オグバンチョム-五九飯店/JPP011594?utm_source=seoulopendata&utm_medium=restaurants&utm_content=JPP011594,4.5,"#중식맛집, # 을지로맛집, #화교중식당, #오구반점, #중국집, #중식, #을지로음식점, #군만두음식점, #짜장면, # 군만두맛집",오구반점_1.jpg,오구반점_2.jpg,오구반점_3.jpg,오구반점_4.jpg
신계치,03776 서울시 서대문구 미스틱스트리트 47,https://korean.visitseoul.net/restaurants/Singyechi2/CNP013827?utm_source=seoulopendata&utm_medium=restaurants&utm_content=CNP013827,4.5,"#신계치, #대학가맛집, #라면전문점, #분식, #백종원의3대천왕, #신촌역, #신촌맛집, #라면",신계치_1.jpg,신계치_2.jpg,신계치_3.jpg,신계치_4.jpg
파올로데마리아,03020 서울시 종로구 종하문로 242 (부암동),https://korean.visitseoul.net/restaurants/Paolo-de-maria-JP/JPP013859?utm_source=seoulopendata&utm_medium=restaurants&utm_content=JPP013859,4.5,"#양식맛집, # 코스요리, # 파올로데마리아, # 파스타맛집, #이탈리안레스토랑, # 파스타, # 부암동, # 이탈리아요리",파올로데마리아_1.jpg,파올로데마리아_2.jpg,파올로데마리아_3.jpg,파올로데마리아_4.jpg
줄라이,06589 서울시 서초구 (서초구) 통광로 164,https://korean.visitseoul.net/restaurants/ジュライ/JPP014877?utm_source=seoulopendata&utm_medium=restaurants&utm_content=JPP014877,4.5,"#코스요리, # 서래마을맛집, # 미쉐린가이드, # 프렌치레스토랑, #오세득셰프, # 양식맛집, # 줄라이, # 고속터미널역, # 고터맛집, # 모던프렌치, # 미슐랭",줄라이_1.jpg,줄라이_2.jpg,줄라이_3.jpg,줄라이_4.jpg
무궁화,04533 서울시 중구 남대문로 81 (롯데백화점),https://korean.visitseoul.net/restaurants/Mugunghwa/ENP012402?utm_source=seoulopendata&utm_medium=restaurants&utm_content=ENP012402,4.5,"#미쉐린가이드, #한식당, #을지로음식점, #한정식, #코스요리, #무궁화, # 굴비구이반상, #한식레스토랑, #롯데호텔, # 보양식, #시청식당, # 시청역, #미슐랭",무궁화_1.jpg,무궁화_2.jpg,무궁화_3.jpg,무궁화_4.jpg
명동부대찌개,04534 서울특별시 중구 명동길 25-7,https://korean.visitseoul.net/restaurants/Myeongdong-Budae-Jjigae/ENP012430?utm_source=seoulopendata&utm_medium=restaurants&utm_content=ENP012430,4.5,"#명동맛집, #을지로입구역, #명동부대찌개, #생삼겹살, #부대찌개, #삼겹살맛집",명동부대찌개_1.jpg,명동부대찌개_2.jpg,명동부대찌개_3.jpg,명동부대찌개_4.jpg
서강8경,서울시 마포구 토정로 128 (우)04081,https://korean.visitseoul.net/restaurants/西江八景/CNP012148?utm_source=seoulopendata&utm_medium=restaurants&utm_content=CNP012148,5.0,"#드라마촬영지, # 와인바, # 마포맛집, # 한강뷰, # 상수맛집, # 코스요리, # 레스토랑, #스카이라운지, # 별에서온그대, #서강8경",서강8경_1.jpg,서강8경_2.jpg,서강8경_3.jpg,서강8경_4.jpg
정식당,06014 서울특별시 강남구 선릉로 158길 11,https://korean.visitseoul.net/restaurants/Jeong-Sikdang1/ENP005422?utm_source=seoulopendata&utm_medium=restaurants&utm_content=ENP005422,4.5,"#압구정맛집, #신사동음식점, #압구정로데오역, #정식당, # 미슐랭맛집, #미쉐린가이드, # 한식맛집, #압구정역, #한식레스토랑, #뉴코리안, #퓨전한식, #미슐랭, #코스요리",정식당_1.jpg,정식당_2.jpg,정식당_3.jpg,정식당_4.jpg
마우스래빗,05017 서울시 광진구 능동로11길 10,https://korean.visitseoul.net/restaurants/Mouse-Rabbit/ENP015409?utm_source=seoulopendata&utm_medium=restaurants&utm_content=ENP015409,4.5,"#예성, #커피맛집, #MouseRabbit, #카페, #건대카페, #마우스래빗, #건대, #예성카페, #슈퍼주니어예성, #분위기좋은카페, #슈주, #서울마우스래빗, #한류, #슈퍼주니어, #크로플맛집, #서울, #카페추천, #kpop, #연예인카페",마우스래빗_1.jpg,마우스래빗_2.jpg,마우스래빗_3.jpg,마우스래빗_4.jpg
더레스토랑,03053 서울특별시 종로구 삼청로 54 (소격동),https://korean.visitseoul.net/restaurants/더레스토랑/KOP010754?utm_source=seoulopendata&utm_medium=restaurants&utm_content=KOP010754,4.5,"# 씨푸드, # 삼청동맛집, # 안국역, # 안국맛집, #스테이크, # 더레스토랑, # 양식맛집, # 삼청동음식점, # 프렌치레스토랑, # 삼청동카페",더레스토랑_1.jpg,더레스토랑_2.jpg,더레스토랑_3.jpg,더레스토랑_4.jpg
부산식당,03145 서울시 종로구 인사동11길 12,https://korean.visitseoul.net/restaurants/Busan-Sikdang-E/ENP011877?utm_source=seoulopendata&utm_medium=restaurants&utm_content=ENP011877,4.5,"#부산식당, #된장찌개, #안국역, #인사동맛집, #오징어볶음, #미쉐린가이드, #삼치구이",부산식당_1.jpg,부산식당_2.jpg,부산식당_3.jpg,부산식당_4.jpg
손칼국수,03076 서울시 종로구 혜화로 10-5,https://korean.visitseoul.net/restaurants/Son-Kalguksu-CN/CNP006830?utm_source=seoulopendata&utm_medium=restaurants&utm_content=CNP006830,4.5,"#대학로음식점, #혜화맛집, # 혜화, # 손칼국수, #칼국수맛집, #대학로, #혜화음식점, #빈대떡, #대학로맛집, #칼국수",손칼국수_1.jpg,손칼국수_2.jpg,손칼국수_3.jpg,손칼국수_4.jpg
마지,서울시 종로구 자하문로5길 19 (우)03041,https://korean.visitseoul.net/restaurants/「摩旨」餐廳/TCP014866?utm_source=seoulopendata&utm_medium=restaurants&utm_content=TCP014866,5.0,"#마지, # 비건맛집, #사찰음식, # 사찰음식맛집, # 채식전문점, # 자연식, # 채식, # 경복궁맛집, # 내방, # 건강맛집, # 한옥맛집, # 채식맛집, # 웰빙음식, # 한식맛집, # 한정식, # 종로맛집",마지_1.jpg,마지_2.jpg,마지_3.jpg,마지_4.jpg
신안촌,03169 서울특별시 종로구 사직로12길 8 (내자동),https://korean.visitseoul.net/restaurants/신안촌-KR/KOP006304?utm_source=seoulopendata&utm_medium=restaurants&utm_content=KOP006304,4.5,"#홍어, #한식, #홍어맛집, #신안촌, #낙지, #낙지연포탕, #남도음식, #경복궁맛집",신안촌_1.jpg,신안촌_2.jpg,신안촌_3.jpg,신안촌_4.jpg
앤트러사이트 합정점,04073 서울시 마포(마포)구 도정로 5길 10 (합정동),https://korean.visitseoul.net/restaurants/Anthracite-ハプチョン合井店/JPP020585?utm_source=seoulopendata&utm_medium=restaurants&utm_content=JPP020585,4.5,"#서울디저트맛집, #디저트, #합정동카페거리, #앤트러사이트, #합정카페추천, #앤트러사이트합정점, #서울카페데이트, #합정동맛집, #서울카페추천, #서울가볼만한곳",앤트러사이트 합정점_1.jpg,앤트러사이트 합정점_2.jpg,앤트러사이트 합정점_3.jpg,앤트러사이트 합정점_4.jpg
신옛찻집,03145 서울시 종로구 인사동길 47-8,https://korean.visitseoul.net/restaurants/Sinyetchatjip/ENP013228?utm_source=seoulopendata&utm_medium=restaurants&utm_content=ENP013228,4.5,"#안국역, # 전통찻집, # 떡과차, # 인사동, # 전통차, # 인사동카페, # 신옛찻집, #인사동찻집, # 찻집",신옛찻집_1.jpg,신옛찻집_2.jpg,신옛찻집_3.jpg,신옛찻집_4.jpg
마포옥,04165 서울특별시 마포구 토정로 312 (용강동),https://korean.visitseoul.net/restaurants/마포옥1/KOP007160?utm_source=seoulopendata&utm_medium=restaurants&utm_content=KOP007160,4.5,"#마포, #마포옥, #설렁탕음식점, #차돌탕, #한강, #마포음식점, #설렁탕, #수요미식회",마포옥_1.jpg,마포옥_2.jpg,마포옥_3.jpg,마포옥_4.jpg
커피투어,(우)03175 서울시 종로구 경희궁2길 12,https://korean.visitseoul.net/restaurants/咖啡旅行Coffee-Tour-TC/TCP014488?utm_source=seoulopendata&utm_medium=restaurants&utm_content=TCP014488,4.5,"#광화문맛집, #커피투어, #커피전문점, #티라미수, #광화문카페, #광화문역, #핸드드립커피",커피투어_1.jpg,커피투어_2.jpg,커피투어_3.jpg,커피투어_4.jpg
고래불,06239 서울특별시 강남구 논현로79길 62,https://korean.visitseoul.net/restaurants/Goraebul/ENP003531?utm_source=seoulopendata&utm_medium=restaurants&utm_content=ENP003531,4.5,"#동해안향토음식, #곰치국, #강남맛집, #수요미식회, #고래불, #해산물맛집, #고래고기, #문어숙회, #물곰탕, #강남역",고래불_1.jpg,고래불_2.jpg,고래불_3.jpg,고래불_4.jpg
을밀대,(우)04138 서울시 마포구 성문길 24,https://korean.visitseoul.net/restaurants/Eulmildae-TC/TCP004240?utm_source=seoulopendata&utm_medium=restaurants&utm_content=TCP004240,4.5,"# 냉면, # 냉면맛집, # 서강대맛집, #을밀대, #서울6대냉면, # 마포맛집, #수요미식회, #대흥역, #서강대음식점, #평양식, #마포음식점, #녹두전",을밀대_1.jpg,을밀대_2.jpg,을밀대_3.jpg,을밀대_4.jpg
에그앤드스푼레이스,(우)03767 서울시 서대문구 이화여대길 26,https://korean.visitseoul.net/restaurants/egg-and-Spoon-Race-cha/TCP014050?utm_source=seoulopendata&utm_medium=restaurants&utm_content=TCP014050,4.5,"# 이대맛집, # 이대음식점, # 대학가음식점, # 에그앤드스푼레이스, # 파스타, # 이탈리아식, #이대역, #양식맛집, # 피자, # 오믈렛, # 브런치, # 브런치맛집",에그앤드스푼레이스_1.jpg,에그앤드스푼레이스_2.jpg,에그앤드스푼레이스_3.jpg,에그앤드스푼레이스_4.jpg
춘천손칼국수,04550 서울시 정구 (중구) 마룬넬로 23,https://korean.visitseoul.net/restaurants/チュンチョン・ソンカルクグス-J/JPP014255?utm_source=seoulopendata&utm_medium=restaurants&utm_content=JPP014255,5.0,"#칼국수, #춘천칼국수, #을지로3가역, #을지로맛집, #막국수, #국수맛집",춘천손칼국수_1.jpg,춘천손칼국수_2.jpg,춘천손칼국수_3.jpg,춘천손칼국수_4.jpg
슈치쿠,"07345 서울 영등포구 63로 50 (여의도동, 63한화생명빌딩) 58층",https://korean.visitseoul.net/restaurants/슈치쿠/KOP014288?utm_source=seoulopendata&utm_medium=restaurants&utm_content=KOP014288,5.0,"#63빌딩, #사시미, #일식당, #일식레스토랑, #일식, #여의도맛집, #슈치쿠, # 일식맛집, #가이세키전문점, #스시, #샛강역",슈치쿠_1.jpg,슈치쿠_2.jpg,슈치쿠_3.jpg,슈치쿠_4.jpg
까치네,04352 서울특별시 용산구 한강대로84길 11-16 (남영동),https://korean.visitseoul.net/restaurants/까치네/KOP013706?utm_source=seoulopendata&utm_medium=restaurants&utm_content=KOP013706,5.0,"#숙대입구역, #계란범벅, #까치네, #숙대맛집, #한식, #대학가맛집, #닭볶음탕, #실내포차",까치네_1.jpg,까치네_2.jpg,까치네_3.jpg,까치네_4.jpg
트라토리아모로,06154 서울특별시 강남구 봉은사로68길 21 (삼성동),https://korean.visitseoul.net/restaurants/트라토리아모로1/KOP014585?utm_source=seoulopendata&utm_medium=restaurants&utm_content=KOP014585,5.0,"#트라토리아모로, # 양식맛집, # 강남맛집, # 파스타맛집, # 삼성동음식점, # 삼성동맛집, # 선릉역, # 이탈리아식, #이탈리안레스토랑, # 강남음식점",트라토리아모로_1.jpg,트라토리아모로_2.jpg,트라토리아모로_3.jpg,트라토리아모로_4.jpg
인사동 항아리수제비,서울시 종로구 인사동8길 14-1 (우)03148,https://korean.visitseoul.net/restaurants/仁寺洞麵疙瘩2/TCP014605?utm_source=seoulopendata&utm_medium=restaurants&utm_content=TCP014605,4.5,"#인사동, #종로3가역, #수제비전문점, #안국역, #인사동음식점, #인사동수제비, # 얼큰굴수제비, #수제비, # 항아리수제비, #수제비음식점, #경복궁",인사동 항아리수제비_1.jpg,인사동 항아리수제비_2.jpg,인사동 항아리수제비_3.jpg,인사동 항아리수제비_4.jpg
진동둔횟집,(우)06530 서울시 서초구 강남대로91길 18,https://korean.visitseoul.net/restaurants/鎭东生鱼片Jindonghoetjipdun1/CNP003416?utm_source=seoulopendata&utm_medium=restaurants&utm_content=CNP003416,4.5,"#진동횟집, #논현역, #세꼬시, #잠원맛집, #논현역횟집, #잡어회, #잠원횟집, #논현맛집",진동둔횟집_1.jpg,진동둔횟집_2.jpg,진동둔횟집_3.jpg,진동둔횟집_4.jpg
오목집,(우)07997 서울시 양천구 목동서로 155,https://korean.visitseoul.net/restaurants/梧木家-ch/CNP012568?utm_source=seoulopendata&utm_medium=restaurants&utm_content=CNP012568,4.5,"#한우된장전골, #오목집, #별에서온그대, #족발, #오목집, #메밀막국수, #오목교맛집, #목동맛집, #김수현, #족발맛집",오목집_1.jpg,오목집_2.jpg,오목집_3.jpg,오목집_4.jpg
알바이신,03076 서울시 정노구(종로구)로 파로18,https://korean.visitseoul.net/restaurants/Albaizyn-JP/JPP013359?utm_source=seoulopendata&utm_medium=restaurants&utm_content=JPP013359,5.0,"#빠에야맛집, # 대학로맛집, # 스페인요리, # 혜화맛집, #혜화역, # 감바스, #스페인식당, # 알바이신, # 파에야, # 스페인요리맛집",알바이신_1.jpg,알바이신_2.jpg,알바이신_3.jpg,알바이신_4.jpg
미카야,04001 서울시 마포구 동교로 145-1,https://korean.visitseoul.net/restaurants/Michaya1/ENP003845?utm_source=seoulopendata&utm_medium=restaurants&utm_content=ENP003845,4.5,"#홍대입구역, #벚꽃빙수, #레어치즈케익, #미카야, #커피, #카페, #홍대맛집",미카야_1.jpg,미카야_2.jpg,미카야_3.jpg,미카야_4.jpg
소호정,06783 서울시 서초구 논현로 27,https://korean.visitseoul.net/restaurants/Sohojeong-TC/TCP004143?utm_source=seoulopendata&utm_medium=restaurants&utm_content=TCP004143,4.5,"#양재맛집, #국수, #안동국시, # 국수맛집, #수요미식회, #소호정, #칼국수, #양재동음식점, #양재, #국시",소호정_1.jpg,소호정_2.jpg,소호정_3.jpg,소호정_4.jpg
미엘,"06016 서울특별시 강남구 도산대로67길 13-12  (청담동, 퍼즐하우스)",https://korean.visitseoul.net/restaurants/미엘-K/KOP010898?utm_source=seoulopendata&utm_medium=restaurants&utm_content=KOP010898,4.5,"#김치볶음밥, #브런치, #카페, #청담카페, #청담맛집, #미엘, #미엘, #아뜰리에, #갤러리카페",미엘_1.jpg,미엘_2.jpg,미엘_3.jpg,미엘_4.jpg
일상,02837 서울 성북구 성북로 106 (성북동),https://korean.visitseoul.net/restaurants/일상/KOP013626?utm_source=seoulopendata&utm_medium=restaurants&utm_content=KOP013626,5.0,"#성북동카페, #핸드드립커피, #한성대입구역, # 커피맛집, #드립커피, #카페, #성북동맛집, #카페일상, # 한성대카페",일상_1.jpg,일상_2.jpg,일상_3.jpg,일상_4.jpg
더킹스,"04618 서울 중구 동호로 287 (장충동2가, 그랜드앰배서더서울)",https://korean.visitseoul.net/restaurants/더킹스/KOP014205?utm_source=seoulopendata&utm_medium=restaurants&utm_content=KOP014205,4.5,"#한식, #장충동맛집, # 뷔페추천, # 쌀국수, # 양갈비, # 뷔페맛집, # 호텔뷔페, # 더킹스, # 동대입구역, #중식, # 일식맛집, # 그랜드앰배서더서울, # 해산물, # 뷔페, # 일식, # 라이브쿠킹",더킹스_1.jpg,더킹스_2.jpg,더킹스_3.jpg,더킹스_4.jpg
해동복국,"07333 서울 영등포구 여의대방로67길 22 (여의도동, 태양빌딩) 1층",https://korean.visitseoul.net/restaurants/해동복국/KOP011498?utm_source=seoulopendata&utm_medium=restaurants&utm_content=KOP011498,4.5,"# 뚝배기복국, #북국, #여의도, #복지리, #샛강음식점, #여의도음식점, #복어음식점, # 매운탕, #해동복국, # 얼큰복국, # 샛강역",해동복국_1.jpg,해동복국_2.jpg,해동복국_3.jpg,해동복국_4.jpg
닭진미,04528 서울 중구 남대문시장길 22-20 (남창동),https://korean.visitseoul.net/restaurants/닭곰탕/KOP014430?utm_source=seoulopendata&utm_medium=restaurants&utm_content=KOP014430,5.0,"#닭진미, #닭곰탕, #남대문맛집, #회현역맛집, #강원집, #회현역, #닭백숙",닭진미_1.jpg,닭진미_2.jpg,닭진미_3.jpg,닭진미_4.jpg
손가네곰국수,02880 서울 성북구 성북로15길 8,https://korean.visitseoul.net/restaurants/손가네곰국수/KOP004651?utm_source=seoulopendata&utm_medium=restaurants&utm_content=KOP004651,5.0,"#소불고기, #갈비탕, #도가니탕, #설렁탕, #한식, #고기, # 곰국수맛집, #손가네곰국수, #성북동음식점, # 한식맛집, #성북동, # 성북동맛집",손가네곰국수_1.jpg,손가네곰국수_2.jpg,손가네곰국수_3.jpg,손가네곰국수_4.jpg
강강술래(신림본동점),08780 서울특별시 관악구 남부순환로 1660 (신림동),https://korean.visitseoul.net/restaurants/강강술래신림본동점-KangkangsullaiSillimbondong/KOP002772?utm_source=seoulopendata&utm_medium=restaurants&utm_content=KOP002772,4.5,"#한정식, #갈비탕, #한식, #강강술래(신림본동점), #한우 전문점, #신림맛집, #갈비맛집",강강술래(신림본동점)_1.jpg,강강술래(신림본동점)_2.jpg,강강술래(신림본동점)_3.jpg,강강술래(신림본동점)_4.jpg
55°와인앤다인,135-954 서울특별시 강남구 선릉로 162길 12,https://korean.visitseoul.net/restaurants/55°Wine-and-Dine/ENP002896?utm_source=seoulopendata&utm_medium=restaurants&utm_content=ENP002896,5.0,"#파스타, #스테이크, #유러피안레스토랑, #압구정로데오역, #압구정역, #청담동맛집, #55도와인앤다인",55°와인앤다인_1.jpg,55°와인앤다인_2.jpg,55°와인앤다인_3.jpg,55°와인앤다인_4.jpg
보건옥,04546 서울특별시 중구 을지로33길 16,https://korean.visitseoul.net/restaurants/Bogeonok-E/ENP011802?utm_source=seoulopendata&utm_medium=restaurants&utm_content=ENP011802,4.5,"#김치찌개, #주교동음식점, #불고기, #방산시장음식점, #보건옥, #육회비빔밥, #을지로4가역, #삼겹살, #을지로음식점",보건옥_1.jpg,보건옥_2.jpg,보건옥_3.jpg,보건옥_4.jpg
스퀘어가든,06675 서울시 서초구 서아로5길 26,https://korean.visitseoul.net/restaurants/Square-Garden-TC/TCP013832?utm_source=seoulopendata&utm_medium=restaurants&utm_content=TCP013832,5.0,"#스퀘어가든, #고속터미널역, #서래마을맛집, #서래마을카페, #핸드드립커피, #수제버거, #블루베리빙수",스퀘어가든_1.jpg,스퀘어가든_2.jpg,스퀘어가든_3.jpg,스퀘어가든_4.jpg
아카사카,06621 서울시 용산구 소월로 322,https://korean.visitseoul.net/restaurants/Akasaka1/ENP006539?utm_source=seoulopendata&utm_medium=restaurants&utm_content=ENP006539,4.5,"#일식맛집, #가이세키, #강남일식집, #서초동음식점, #아카사카, #한강진역, #강남음식점, #스시바, # 전망맛집, #일식, # 강남맛집",아카사카_1.jpg,아카사카_2.jpg,아카사카_3.jpg,아카사카_4.jpg
대련집,03191 서울시 정노구(종로구) 정로14길 37,https://korean.visitseoul.net/restaurants/テリョンチブ-JP/JPP006843?utm_source=seoulopendata&utm_medium=restaurants&utm_content=JPP006843,4.5,"#한식, #종로음식점, #을지로음식점, #칼국수, #종로3가역, #청계천음식점, #대련집, #보쌈",대련집_1.jpg,대련집_2.jpg,대련집_3.jpg,대련집_4.jpg
한우집위,07333 서울시 영등포구(영등포구) 국채구뮌로86,https://korean.visitseoul.net/restaurants/ハヌチブウィ-JP/JPP006341?utm_source=seoulopendata&utm_medium=restaurants&utm_content=JPP006341,5.0,"#샛강역, #한우집위, #고기맛집, #한우, #소고기구이, #여의도고기집, #여의도맛집",한우집위_1.jpg,한우집위_2.jpg,한우집위_3.jpg,한우집위_4.jpg
왕가,"01002 681, Samyang-ro, Gangbuk-gu, Seoul",https://korean.visitseoul.net/restaurants/Wangga1/ENP007211?utm_source=seoulopendata&utm_medium=restaurants&utm_content=ENP007211,4.5,"#소고기맛집, #한우전문점, #수유역, #한우, #왕가, # 소고기, #우이동맛집",왕가_1.jpg,왕가_2.jpg,왕가_3.jpg,왕가_4.jpg
란주라미엔,04535 서울시 중구 소고속도로 64,https://korean.visitseoul.net/restaurants/兰州拉面Ranjuramien-CN/CNP012341?utm_source=seoulopendata&utm_medium=restaurants&utm_content=CNP012341,4.5,"# 중식맛집, #명동음식점, #중식, #란주칼면, #훠궈음식점, #충무로음식점, # 도삭면, # 명동맛집, # 도삭면맛집, #란주라미엔",란주라미엔_1.jpg,란주라미엔_2.jpg,란주라미엔_3.jpg,란주라미엔_4.jpg
르브런쉭,(우)06028 서울시 강남구 압구정로10길 20,https://korean.visitseoul.net/restaurants/Le-Brunchic/CNP014009?utm_source=seoulopendata&utm_medium=restaurants&utm_content=CNP014009,4.5,"#르브런쉭, # 가로수길맛집, # 브런치, # 브런치맛집, # 신사동맛집, #샐러드, # LeBrunchic, # 파스타, # 프랑스음식, # 신사역",르브런쉭_1.jpg,르브런쉭_2.jpg,르브런쉭_3.jpg,르브런쉭_4.jpg
내고향식당,04528 서울특별시 중구 남대문시장길 18-3 (남창동),https://korean.visitseoul.net/restaurants/내고향식당/KOP006438?utm_source=seoulopendata&utm_medium=restaurants&utm_content=KOP006438,5.0,"#한식, # 남대문맛집, #갈치조림, #갈치구이, #갈치음식점, #줄서서먹는맛집, # 남대문갈치조림, # 한식맛집, #남대문음식점, #내고향식당, #갈치골목, #회현역",내고향식당_1.jpg,내고향식당_2.jpg,내고향식당_3.jpg,내고향식당_4.jpg
서초 남순남순대국,06258 서울시 강남(강남)구 도곡로 4길 12 (도곡동),https://korean.visitseoul.net/restaurants/ソチョ・ナムスンナムスンデグク/JPP013108?utm_source=seoulopendata&utm_medium=restaurants&utm_content=JPP013108,4.5,"#도곡동음식점, #서초남순남순대국, #강남세브란스음식점, #양재역, #순대식당, # 순댓국, #강남음식점, #순대",서초 남순남순대국_1.jpg,서초 남순남순대국_2.jpg,서초 남순남순대국_3.jpg,서초 남순남순대국_4.jpg
청수정,(03054) 서울시 종로구 삼청로 91,https://korean.visitseoul.net/restaurants/靑受亭Cheongsujeong2/TCP012894?utm_source=seoulopendata&utm_medium=restaurants&utm_content=TCP012894,4.5,"#홍합밥정식, #뽈대기탕, #종로맛집, #한정식, # 홍합밥, #삼청동맛집, #안국역, # 홍합밥도시락, #청수정",청수정_1.jpg,청수정_2.jpg,청수정_3.jpg,청수정_4.jpg
된장예술과술,03190 서울시 종로구 사밀델로 15길 20,https://korean.visitseoul.net/restaurants/テンジャン・イェスルグァ・スル/JPP004214?utm_source=seoulopendata&utm_medium=restaurants&utm_content=JPP004214,4.5,"#된장예술과술, #종로밥집, # 안주맛집, #된장비빔밥, #종각맛집, #종각역, #한식, #간장게장, #전통술집, #종로맛집",된장예술과술_1.jpg,된장예술과술_2.jpg,된장예술과술_3.jpg,된장예술과술_4.jpg
미피아체,06015 서울시 강남구 압구정로80길 19-2,https://korean.visitseoul.net/restaurants/Mi-Piace-EN/ENP005182?utm_source=seoulopendata&utm_medium=restaurants&utm_content=ENP005182,4.5,"# 청담맛집, # 이탈리아식, #양식맛집, # 미피아체, #이태리레스토랑, #청담역, # 카르파초, #인테리어맛집, #미슐랭, # 미쉐린가이드, # 브런치",미피아체_1.jpg,미피아체_2.jpg,미피아체_3.jpg,미피아체_4.jpg
첨벙아구찜,06038 서울특별시 강남구 강남대로150길 12 (논현동),https://korean.visitseoul.net/restaurants/첨벙아구찜-KR/KOP006853?utm_source=seoulopendata&utm_medium=restaurants&utm_content=KOP006853,4.5,"#가로수길맛집, #해산물, #신사역, #신사동맛집, #간장게장, #한식, #아귀, #첨벙아구찜",첨벙아구찜_1.jpg,첨벙아구찜_2.jpg,첨벙아구찜_3.jpg,첨벙아구찜_4.jpg
참설농탕,(우)06729 서울시 서초구 현영로 424,https://korean.visitseoul.net/restaurants/Cham雪濃湯-참설농탕2/TCP007190?utm_source=seoulopendata&utm_medium=restaurants&utm_content=TCP007190,4.5,"# 한식, #설렁탕, #참설농탕, #양재역, #해장국, #서초맛집, #뱅뱅사거리맛집",참설농탕_1.jpg,참설농탕_2.jpg,참설농탕_3.jpg,참설농탕_4.jpg
루나바인,(우)06040 서울시 강남구 논현로149길 13,https://korean.visitseoul.net/restaurants/Luna-TC/TCP002375?utm_source=seoulopendata&utm_medium=restaurants&utm_content=TCP002375,4.5,"#모던한식, # 세트메뉴, # 와인바, # 레스토랑, # 루나바, #한식, # 논현동술집, # 퓨전한식, #한식레스토랑, # 논현동맛집",루나바인_1.jpg,루나바인_2.jpg,루나바인_3.jpg,루나바인_4.jpg
스시유,06182 서울시 강남구 영동대로 407,https://korean.visitseoul.net/restaurants/Sushi-U-CN/CNP002374?utm_source=seoulopendata&utm_medium=restaurants&utm_content=CNP002374,4.5,"#스시음식점, #초밥음식점, # 삼성역맛집, #오마카세, # 일식맛집, #스시유, #코엑스, #대치동음식점, #삼성, #삼성역음식점, # 스시맛집, #스시",스시유_1.jpg,스시유_2.jpg,스시유_3.jpg,스시유_4.jpg
왕성식당,04528 서울시 중(중)구 남대문시장길 18-2 (남창동),https://korean.visitseoul.net/restaurants/ワンソン・シクタン/JPP012633?utm_source=seoulopendata&utm_medium=restaurants&utm_content=JPP012633,5.0,"#갈치골목, #갈치조림, #회현역, #남대문맛집, #왕성식당, #남대문시장, #김치찌개",왕성식당_1.jpg,왕성식당_2.jpg,왕성식당_3.jpg,왕성식당_4.jpg
타워차이,(우)06294 서울시 강남구 연주로30길 26,https://korean.visitseoul.net/restaurants/Tower-Chai-CN/CNP013354?utm_source=seoulopendata&utm_medium=restaurants&utm_content=CNP013354,4.5,"#중식당, # 중식맛집, #샥스핀탕, #중식, #매봉맛집, #매봉역, # 샥스핀, #타워차이, #샥스핀전문, #도곡동맛집",타워차이_1.jpg,타워차이_2.jpg,타워차이_3.jpg,타워차이_4.jpg
성산왕갈비,03936 서울특별시 마포구 월드컵북로 233,https://korean.visitseoul.net/restaurants/Seongsan-Wanggalbi/ENP014893?utm_source=seoulopendata&utm_medium=restaurants&utm_content=ENP014893,4.5,"#마포맛집, #월드컵경기장역, #돼지갈비, #고기구이, #마포구청역, #성산왕갈비",성산왕갈비_1.jpg,성산왕갈비_2.jpg,성산왕갈비_3.jpg,성산왕갈비_4.jpg
몰타참치,06194 서울시 강남구 삼성로85길 26 (V&S),https://korean.visitseoul.net/restaurants/Malta-Chamchi/ENP012013?utm_source=seoulopendata&utm_medium=restaurants&utm_content=ENP012013,4.5,"#일식맛집, #삼성역, #참치, #오도로, #대치동맛집, #가마도로, # 참치전문점, # 삼성맛집, #서울3대참치, #선릉역음식점, #몰타참치",몰타참치_1.jpg,몰타참치_2.jpg,몰타참치_3.jpg,몰타참치_4.jpg
국시집,서울시 성북구 창경궁로43길 9 (우)02880,https://korean.visitseoul.net/restaurants/面条家Guksijip/CNP011062?utm_source=seoulopendata&utm_medium=restaurants&utm_content=CNP011062,5.0,"#성북동맛집, # 양지머리, #손칼국수, #수육, #국시집, #한성대입구역, #한성대맛집, #한성대입구역, # 칼국수, #수요미식회",국시집_1.jpg,국시집_2.jpg,국시집_3.jpg,국시집_4.jpg
갯마을,04388 서울 용산구 서빙고로 56 (한강로3가),https://korean.visitseoul.net/restaurants/갯마을/KOP010694?utm_source=seoulopendata&utm_medium=restaurants&utm_content=KOP010694,5.0,"#녹두부침개, #이촌역, #이촌맛집, #용산, #한식, #만두전골, #수요미식회, #갯마을",갯마을_1.jpg,갯마을_2.jpg,갯마을_3.jpg,갯마을_4.jpg
레오니다스초콜릿카페,(04537) 서울시 중구 명동길 62,https://korean.visitseoul.net/restaurants/Leonidasww/CNP013994?utm_source=seoulopendata&utm_medium=restaurants&utm_content=CNP013994,4.5,"#명동역, #명동디저트, #초콜릿전문점, #초콜릿, #레오니다스, #수제초콜릿, #명동맛집",레오니다스초콜릿카페_1.jpg,레오니다스초콜릿카페_2.jpg,레오니다스초콜릿카페_3.jpg,레오니다스초콜릿카페_4.jpg
오다리집,(우)04536 서울시 중구 명동8나길 28,https://korean.visitseoul.net/restaurants/Odarizip-cha/TCP011944?utm_source=seoulopendata&utm_medium=restaurants&utm_content=TCP011944,4.5,"#명동역, #명동간장게장, #서울게장맛집, #방문명소, #맛집, #서울간장게장, #공연, #K-POP, #오다리집, #명동맛집",오다리집_1.jpg,오다리집_2.jpg,오다리집_3.jpg,오다리집_4.jpg
의정부평양면옥,137-030 서울시 서초구 서울구 강남대로 93길 28 (잠원동),https://korean.visitseoul.net/restaurants/議政府平壤麵屋-jp/JPP007196?utm_source=seoulopendata&utm_medium=restaurants&utm_content=JPP007196,5.0,"#잠원동음식점, #냉면, #신사역음식점, #논현역음식점, #본가평양면옥, #평양음식, #의정부평양면옥",의정부평양면옥_1.jpg,의정부평양면옥_2.jpg,의정부평양면옥_3.jpg,의정부평양면옥_4.jpg
진어참치,03988 서울특별시 마포구 연남로3길 34 (연남동),https://korean.visitseoul.net/restaurants/진어-K/KOP012627?utm_source=seoulopendata&utm_medium=restaurants&utm_content=KOP012627,5.0,"#참치, # 홍대참치, #홍대입구역, #연남동맛집, #홍대맛집, #사시미, #진어, # 참치맛집, #참치회",진어참치_1.jpg,진어참치_2.jpg,진어참치_3.jpg,진어참치_4.jpg
안동뭉티기와 투뿔구이,06114 서울시 강남구 학동로2길 35,https://korean.visitseoul.net/restaurants/Andong-Mungtigi-en/ENP014376?utm_source=seoulopendata&utm_medium=restaurants&utm_content=ENP014376,4.5,"#안동한우, #신논현, #논현역, #안동뭉티기, #강남맛집, #육사시미, #한우, #육회",안동뭉티기와 투뿔구이_1.jpg,안동뭉티기와 투뿔구이_2.jpg,안동뭉티기와 투뿔구이_3.jpg,안동뭉티기와 투뿔구이_4.jpg
우랑 청담점,06013 서울 강남구 압구정로79길 79 (청담동) JM빌딩 1층,https://korean.visitseoul.net/restaurants/우랑/KOP004668?utm_source=seoulopendata&utm_medium=restaurants&utm_content=KOP004668,4.5,"#이자카야, #나베, #청담, #청담동음식점, # 주점, #일식, # 일식맛집, #다이닝바, #우랑, # 청담맛집, #일식요리집",우랑 청담점_1.jpg,우랑 청담점_2.jpg,우랑 청담점_3.jpg,우랑 청담점_4.jpg
세시셀라(도산공원점),(우)06021 서울시 강남구 도산대로45길 10-4,https://korean.visitseoul.net/restaurants/Ceci-Cela-島山公園店/TCP012772?utm_source=seoulopendata&utm_medium=restaurants&utm_content=TCP012772,5.0,"#세시셀라, # 벨기에와플, #브런치, # 세시셀라도산공원점, # 압구정로데오역, #신사동카페, # 당근케이크, # 도산공원카페, # 와플",세시셀라(도산공원점)_1.jpg,세시셀라(도산공원점)_2.jpg,세시셀라(도산공원점)_3.jpg,세시셀라(도산공원점)_4.jpg
보노보노,06178 서울 강남구 테헤란로 508 (해성2빌딩),https://korean.visitseoul.net/restaurants/보노보노/KOP010623?utm_source=seoulopendata&utm_medium=restaurants&utm_content=KOP010623,4.5,"#해산물뷔페, #씨푸드레스토랑, #보노보노, # 강남뷔페, #코엑스음식점, #대치동음식점, #디저트, # 뷔페맛집, # 초밥, #삼성역음식점",보노보노_1.jpg,보노보노_2.jpg,보노보노_3.jpg,보노보노_4.jpg
나마스테,03114 서울특별시 종로구 지봉로 18 (숭인동),https://korean.visitseoul.net/restaurants/나마스테/KOP010728?utm_source=seoulopendata&utm_medium=restaurants&utm_content=KOP010728,4.5,"#인도음식점, #나마스테, # 커리맛집, #동묘맛집, #동대문맛집, #네팔음식점, #동묘앞역, #탄두리치킨, #커리",나마스테_1.jpg,나마스테_2.jpg,나마스테_3.jpg,나마스테_4.jpg
루이키친M,04519 서울시 중(중)구 세종델로 21길 40 (태평로1가),https://korean.visitseoul.net/restaurants/LuiiキッチンM/JPP010908?utm_source=seoulopendata&utm_medium=restaurants&utm_content=JPP010908,4.5,"#탕수우육맛집, #광화문역, #루이, #루이키친M, #고급중식, #중식당, #광화문음식점, # 광화문맛집, #레스토랑, #짜장면, # 중식맛집, #코스요리",루이키친M_1.jpg,루이키친M_2.jpg,루이키친M_3.jpg,루이키친M_4.jpg
가스트로통,서울시 종로구 자하문로6길 11-36 (우)03044,https://korean.visitseoul.net/restaurants/Gastro-Tong4/CNP014545?utm_source=seoulopendata&utm_medium=restaurants&utm_content=CNP014545,4.5,"#경복궁역, #유럽식갈비찜, #통의동맛집, #유러피언레스토랑, #가스트로통, #서촌맛집",가스트로통_1.jpg,가스트로통_2.jpg,가스트로통_3.jpg,가스트로통_4.jpg
마미청국장,03085 서울시 종로구 동성4나길 2,https://korean.visitseoul.net/restaurants/Mami-Cheonggukjang/ENP006381?utm_source=seoulopendata&utm_medium=restaurants&utm_content=ENP006381,4.5,"#청국장, #청국장맛집, #혜화맛집, #한식, #대학로맛집, #혜화역, #마미청국장",마미청국장_1.jpg,마미청국장_2.jpg,마미청국장_3.jpg,마미청국장_4.jpg
구스토타코,04049 서울시 마포구(마포구) 와우산로 41,https://korean.visitseoul.net/restaurants/Gusto-Taco-JP/JPP014790?utm_source=seoulopendata&utm_medium=restaurants&utm_content=JPP014790,4.5,"#구스토타코, # 멕시칸푸드, # 상수음식점, # 나초, # 홍대음식점, # 홍대맛집, # 홍대입구역, # 상수맛집, #타코음식점, # 타코, # 남미식, # 멕시칸음식",구스토타코_1.jpg,구스토타코_2.jpg,구스토타코_3.jpg,구스토타코_4.jpg
섭지코지,02837 서울특별시 성북구 성북로 118-5,https://korean.visitseoul.net/restaurants/Seopji-Koji2/ENP013494?utm_source=seoulopendata&utm_medium=restaurants&utm_content=ENP013494,5.0,"#섭지코지, # 제주산생선회, #한성대입구역, # 제주전복, #생선회, # 제주향토음식전문점, #성북동맛집, #제주향토음식, #전복요리, #사시미",섭지코지_1.jpg,섭지코지_2.jpg,섭지코지_3.jpg,섭지코지_4.jpg
언노운다이너,서울시 강남구 논현로28길 42 (우)06300,https://korean.visitseoul.net/restaurants/UNKNOWN-DINER-cn/CNP014741?utm_source=seoulopendata&utm_medium=restaurants&utm_content=CNP014741,4.5,"# 매봉역맛집, # 양재맛집, # 매봉역, #피자, # 도곡동맛집, # 파스타, #양식맛집, # 언노운다이너, #이탈리안레스토랑",언노운다이너_1.jpg,언노운다이너_2.jpg,언노운다이너_3.jpg,언노운다이너_4.jpg
한성칼국수,06057 서울시 강남구 효주로 148킬 14가동 2층,https://korean.visitseoul.net/restaurants/ハンソン・カルクグス/JPP005201?utm_source=seoulopendata&utm_medium=restaurants&utm_content=JPP005201,4.5,"#칼국수, #강남, #수요미식회, # 강남맛집, #새우전, # 칼국수맛집, #접시만두, # 수육, #논현동맛집, #파전, #한성칼국수",한성칼국수_1.jpg,한성칼국수_2.jpg,한성칼국수_3.jpg,한성칼국수_4.jpg
동빙고,"04424 서울 용산구 이촌로 319 (이촌동, 현대아파트)",https://korean.visitseoul.net/restaurants/동빙고-kr/KOP013716?utm_source=seoulopendata&utm_medium=restaurants&utm_content=KOP013716,4.5,"#팥빙수, #동빙고, #동부이촌동맛집, #수요미식회, #이촌맛집, #팥죽, #이촌역, #서울3대빙수",동빙고_1.jpg,동빙고_2.jpg,동빙고_3.jpg,동빙고_4.jpg
페트라,04345 서울 용산구 녹사평대로40길 33 (이태원동) 2층,https://korean.visitseoul.net/restaurants/페트라/KOP013369?utm_source=seoulopendata&utm_medium=restaurants&utm_content=KOP013369,4.5,"# 페트라, #아랍음식, # 이태원맛집, # 요르단음식, #시리아음식, # 녹사평역, # 중동음식, # 케밥, # 이색맛집, # 시리아",페트라_1.jpg,페트라_2.jpg,페트라_3.jpg,페트라_4.jpg
우미각 논현2호점,06050 서울 강남구 언주로141길 6 백향빌딩 1층,https://korean.visitseoul.net/restaurants/우미각/KOP011727?utm_source=seoulopendata&utm_medium=restaurants&utm_content=KOP011727,5.0,"#한정식, #우미각, #논현동음식점, #한우음식점, #한우 암소 생등심, #차돌박이, #보리굴비, #낚지덮밥, # 생등심전문점, #샤브샤브, # 매봉역",우미각 논현2호점_1.jpg,우미각 논현2호점_2.jpg,우미각 논현2호점_3.jpg,우미각 논현2호점_4.jpg
뜨락,06075 서울 강남구 영동대로142길 13-3 (청담동),https://korean.visitseoul.net/restaurants/뜨락/KOP011734?utm_source=seoulopendata&utm_medium=restaurants&utm_content=KOP011734,4.5,"#고기, # 고깃집, #뜨락, #수요미식회, #청담동 맛집, # 참숯구이, #신동엽인생안심, #소고기맛집, #한우맛집, # 청담역",뜨락_1.jpg,뜨락_2.jpg,뜨락_3.jpg,뜨락_4.jpg
구스테이크528,"06028 서울 강남구 압구정로 108 (신사동, 덕산빌딩)",https://korean.visitseoul.net/restaurants/구스테이크528/KOP004828?utm_source=seoulopendata&utm_medium=restaurants&utm_content=KOP004828,4.5,"#가로수길맛집, #방송맛집, #서울스테이크, #서울핫플, #가로수길데이트, #서울양식맛집, #서울데이트명소, #구스테이크528, #신사맛집, #서울맛집",구스테이크528_1.jpg,구스테이크528_2.jpg,구스테이크528_3.jpg,구스테이크528_4.jpg
김영모과자점,06295 서울시 강남구(강남구) 온주로 30길 10,https://korean.visitseoul.net/restaurants/Patisserie-Kim-Youngmo2/JPP014555?utm_source=seoulopendata&utm_medium=restaurants&utm_content=JPP014555,4.5,"#프티푸르, #매봉역, #서울3대빵집, #유산균발효빵, #도곡동맛집, #김영모과자점, #도곡동베이커리, #크루아상",김영모과자점_1.jpg,김영모과자점_2.jpg,김영모과자점_3.jpg,김영모과자점_4.jpg
라미띠에,06026 서울특별시 강남구 언주로 153길 7,https://korean.visitseoul.net/restaurants/LAmitie-EN/ENP007874?utm_source=seoulopendata&utm_medium=restaurants&utm_content=ENP007874,4.5,"# 코스요리, # 라미띠에, # 푸아그라맛집, # 프랑스요리, #미쉐린가이드, #도산공원맛집, #압구정맛집, # 프렌치레스토랑, # 압구정역, #신사동맛집, # 양식맛집, # 미슐랭",라미띠에_1.jpg,라미띠에_2.jpg,라미띠에_3.jpg,라미띠에_4.jpg
사랑방칼국수,서울시 중구 퇴계로27길 46 (우)04555,https://korean.visitseoul.net/restaurants/厢房刀切面Sarangbang-Kalguksu/CNP008564?utm_source=seoulopendata&utm_medium=restaurants&utm_content=CNP008564,4.5,"#한식맛집, #충무로음식점, #충무로맛집, #백반맛집, #을지로음식점, #백숙, #사랑방칼국수, #맛있는녀석들, #수요미식회, #칼국수",사랑방칼국수_1.jpg,사랑방칼국수_2.jpg,사랑방칼국수_3.jpg,사랑방칼국수_4.jpg
차마시는뜰,03052 서울시 정노구 (종로구) 북촌로 11 나길 26,https://korean.visitseoul.net/restaurants/チャ・マシヌン･トゥル-JP/JPP013250?utm_source=seoulopendata&utm_medium=restaurants&utm_content=JPP013250,4.5,"#허브차, #안국역, #삼청동맛집, #차마시는뜰, #한옥카페, #전통차, #전통찻집, #북촌찻집",차마시는뜰_1.jpg,차마시는뜰_2.jpg,차마시는뜰_3.jpg,차마시는뜰_4.jpg
어반가든,04516 서울시 중구 정동길 12-15,https://korean.visitseoul.net/restaurants/Urban-Garden4/TCP013656?utm_source=seoulopendata&utm_medium=restaurants&utm_content=TCP013656,4.5,"# 이탈리아식, #시청맛집, #파스타, # 옥상정원, # 레스토랑, # 스테이크, # 양식맛집, # 광화문맛집, # 파스타맛집, # 서대문역, #어반가든",어반가든_1.jpg,어반가든_2.jpg,어반가든_3.jpg,어반가든_4.jpg
흥진옥,03156 서울시 종로구 종로5길 23,https://korean.visitseoul.net/restaurants/Heungjinok1/ENP014236?utm_source=seoulopendata&utm_medium=restaurants&utm_content=ENP014236,4.5,"#광화문맛집, #종로맛집, #곱창전골, #흥진옥, #종각역, #경상도식해장국, #해장국",흥진옥_1.jpg,흥진옥_2.jpg,흥진옥_3.jpg,흥진옥_4.jpg
프리모바치오바치,04055 서울시 마포구 와우산로23길 44,https://korean.visitseoul.net/restaurants/Primo-Bacio-Baci2/ENP013766?utm_source=seoulopendata&utm_medium=restaurants&utm_content=ENP013766,4.5,"# 파스타, # 서교동맛집, #홍대입구역, # 파스타맛집, # 양식맛집, # 피자, #프리모바치오바치, # 이탈리안레스토랑, # 빠네, # 홍대맛집",프리모바치오바치_1.jpg,프리모바치오바치_2.jpg,프리모바치오바치_3.jpg,프리모바치오바치_4.jpg
장사랑,06023 서울 강남구 언주로165길 7-4 (신사동),https://korean.visitseoul.net/restaurants/장사랑/KOP006520?utm_source=seoulopendata&utm_medium=restaurants&utm_content=KOP006520,4.5,"# 한식맛집, #테이스티로드, #압구정역, #바싹불고기, #곤드레솥밥, #장사랑, #들깨수제비, # 압구정맛집, #한정식",장사랑_1.jpg,장사랑_2.jpg,장사랑_3.jpg,장사랑_4.jpg
두오모,03042 서울특별시 종로구 자하문로16길 5 (효자동),https://korean.visitseoul.net/restaurants/두오모북스앤쿡스/KOP013884?utm_source=seoulopendata&utm_medium=restaurants&utm_content=KOP013884,4.5,"#경복궁맛집, # 브런치카페, # 양식맛집, # 효자동맛집, # 경복궁역, # 샌드위치, # 두오모북스앤쿡스, # 파스타맛집, # 서촌맛집",두오모_1.jpg,두오모_2.jpg,두오모_3.jpg,두오모_4.jpg
평안도만두집,(우)03173 서울시 종로구 신문내로3길 30,https://korean.visitseoul.net/restaurants/平安道餃子Pyeongando-Mandujip/TCP013083?utm_source=seoulopendata&utm_medium=restaurants&utm_content=TCP013083,4.5,"#수요미식회, #접시만두, #평안도만두집, #만두전골, #만두국, #광화문역, #광화문맛집",평안도만두집_1.jpg,평안도만두집_2.jpg,평안도만두집_3.jpg,평안도만두집_4.jpg
니와,04423 서울시 용산구 용천로 75길 22,https://korean.visitseoul.net/restaurants/庭-JP/JPP003707?utm_source=seoulopendata&utm_medium=restaurants&utm_content=JPP003707,4.5,"#일식주점, #이촌동맛집, # 일식맛집, #이자카야, #오코노미야키, #이촌역, #니와, #선술집, # 일본식가정요리",니와_1.jpg,니와_2.jpg,니와_3.jpg,니와_4.jpg
라세느,04533 서울특별시 중구 을지로 30 (소공동) 롯데호텔서울 본관 1층,https://korean.visitseoul.net/restaurants/라세느/KOP014778?utm_source=seoulopendata&utm_medium=restaurants&utm_content=KOP014778,4.5,"#라세느, # 호텔뷔페, # 해산물, # 즉성양갈비스테이크, # 뷔페맛집, # 뷔페레스토랑, #디저트맛집, # 시청맛집, # 롯데호텔, # 을지로입구역, # 호텔레스토랑",라세느_1.jpg,라세느_2.jpg,라세느_3.jpg,라세느_4.jpg
카페 자스,03993 서울시 마포구 동교로27길 12,https://korean.visitseoul.net/restaurants/Cafe-Jass-EN/ENP011017?utm_source=seoulopendata&utm_medium=restaurants&utm_content=ENP011017,4.5,"#서현, #커피숍, #정용화, #홍대카페자스, #홍대, #홍대자스, # 우리-결혼했어요-촬영지, #홍대카페, #카페-자스, #카페, #홍대",카페 자스_1.jpg,카페 자스_2.jpg,카페 자스_3.jpg,카페 자스_4.jpg
뱃고동,135-897 서울시 강남구(강남구) 온주로 172길 54,https://korean.visitseoul.net/restaurants/ペッコドン-JP/JPP005385?utm_source=seoulopendata&utm_medium=restaurants&utm_content=JPP005385,4.5,"#오징어불고기, #한식, #압구정역, #압구정음식점, #뱃고동, #신사동음식점, #압구정로데오역, #낚지볶음",뱃고동_1.jpg,뱃고동_2.jpg,뱃고동_3.jpg,뱃고동_4.jpg
놋그릇가지런히 놋이,03036 서울특별시 종로구 자하문로13길 3 (통인동),https://korean.visitseoul.net/restaurants/놋그릇가지런히-놋이/KOP012278?utm_source=seoulopendata&utm_medium=restaurants&utm_content=KOP012278,4.5,"#통인동, #놋이, #서촌한식, #종로, #유기, #서촌카페, #서촌, #한식디저트, #놋그릇",놋그릇가지런히 놋이_1.jpg,놋그릇가지런히 놋이_2.jpg,놋그릇가지런히 놋이_3.jpg,놋그릇가지런히 놋이_4.jpg
황태본가,"07327 서울 영등포구 국제금융로2길 37 (여의도동, 에스트레뉴)",https://korean.visitseoul.net/restaurants/황태본가/KOP006118?utm_source=seoulopendata&utm_medium=restaurants&utm_content=KOP006118,4.5,"#황태구이, #황태요리, #여의도맛집, #한식, #여의도역, #황태국, #황태본가, #북어국",황태본가_1.jpg,황태본가_2.jpg,황태본가_3.jpg,황태본가_4.jpg
목포자매집,(우)06107 서울시 강남구 언주로115길 14,https://korean.visitseoul.net/restaurants/Mokpo-Jamaejip-TC/TCP002514?utm_source=seoulopendata&utm_medium=restaurants&utm_content=TCP002514,5.0,"#민어전문, #논현동맛집, # 해산물맛집, #짱뚱어탕, #남도음식, #해산물요리, #민어회, #홍어삼합, #목포자매집",목포자매집_1.jpg,목포자매집_2.jpg,목포자매집_3.jpg,목포자매집_4.jpg
[백년가게] 진성식당,06074 서울시 강남구 학동로81길 7 (청담동),https://korean.visitseoul.net/restaurants/百年老店-真誠食堂/TCP042262?utm_source=seoulopendata&utm_medium=restaurants&utm_content=TCP042262,5.0,"#진성식당, #보쌈, #백년가게, #칼국수",[백년가게] 진성식당_1.jpg,[백년가게] 진성식당_2.jpg,[백년가게] 진성식당_3.jpg,[백년가게] 진성식당_4.jpg
삼일정육식당,06776 서울시 서초구 언남11길 7-33 (양재빌딩),https://korean.visitseoul.net/restaurants/Samil-Jeongyuk-Sikdang/ENP002528?utm_source=seoulopendata&utm_medium=restaurants&utm_content=ENP002528,4.5,"# 양재동맛집, #돼지고기, #돼지불백, #삼일정육식당, #양재동음식점, # 한식맛집, #양재시민의숲역, # 소고기, #차돌박이",삼일정육식당_1.jpg,삼일정육식당_2.jpg,삼일정육식당_3.jpg,삼일정육식당_4.jpg
태림산채정식,서울시 도봉구 노해로60길 32 (우)01442,https://korean.visitseoul.net/restaurants/泰林山菜定食2/CNP002537?utm_source=seoulopendata&utm_medium=restaurants&utm_content=CNP002537,5.0,"#한정식, #산채나물, #태림산채정식, #한식, #쌍문역맛집, #쌍문한식집, #산채비빔밥",태림산채정식_1.jpg,태림산채정식_2.jpg,태림산채정식_3.jpg,태림산채정식_4.jpg
와라쿠,06028 서울 강남구 압구정로4길 13-7,https://korean.visitseoul.net/restaurants/와라쿠/KOP011791?utm_source=seoulopendata&utm_medium=restaurants&utm_content=KOP011791,4.5,"#신사동음식점, # 꼬치구이맛집, # 압구정맛집, #정통일본식쿠시야, #와라쿠, #꼬치요리, #일식, #압구정음식점, #이자카야, # 일식맛집, #생활의달인",와라쿠_1.jpg,와라쿠_2.jpg,와라쿠_3.jpg,와라쿠_4.jpg
낙원(메이필드호텔),07506 서울시 강서구(강서구) 판파데로94,https://korean.visitseoul.net/restaurants/ナグォン（メイフィールドホテル）/JPP003077?utm_source=seoulopendata&utm_medium=restaurants&utm_content=JPP003077,4.5,"#김포공항맛집, #낙원(메이필드호텔), #강서맛집, #한식, #갈비전문점, #한정식",낙원(메이필드호텔)_1.jpg,낙원(메이필드호텔)_2.jpg,낙원(메이필드호텔)_3.jpg,낙원(메이필드호텔)_4.jpg
주빈,07331 서울시 영등포구 국회대로 127,https://korean.visitseoul.net/restaurants/Ju-Bean-CN/CNP002836?utm_source=seoulopendata&utm_medium=restaurants&utm_content=CNP002836,4.5,"# 여의도역, # 여의도카페, # 원두커피, #핸드드립커피, # 융드립, # 커피전문점, #주빈커피",주빈_1.jpg,주빈_2.jpg,주빈_3.jpg,주빈_4.jpg
정원순두부,04513 서울 중구 세종대로11길 33 (서소문동),https://korean.visitseoul.net/restaurants/정원순두부-K/KOP012424?utm_source=seoulopendata&utm_medium=restaurants&utm_content=KOP012424,4.5,"#순두부찌개, #시청음식점, #순두부, #정동음식점, #소고기순두부, #시청역, #정원순두부, #서소문음식점",정원순두부_1.jpg,정원순두부_2.jpg,정원순두부_3.jpg,정원순두부_4.jpg
램랜드,04159 서울 마포구 토정로 255,https://korean.visitseoul.net/restaurants/램랜드/KOP002713?utm_source=seoulopendata&utm_medium=restaurants&utm_content=KOP002713,4.5,"#양고기음식점, # 마포맛집, #램랜드, #삼각갈비, #양고기, #양전골, #양갈비, #마포, #마포음식점, # 양고기맛집",램랜드_1.jpg,램랜드_2.jpg,램랜드_3.jpg,램랜드_4.jpg
팬케이크오리지널스토리,04419 서울시 용산구 독서당로 67,https://korean.visitseoul.net/restaurants/Pancake-Original-Story/ENP013944?utm_source=seoulopendata&utm_medium=restaurants&utm_content=ENP013944,4.5,"#브런치카페, # 브런치, # 팬케익오리지널스토리, # 한강진역, # 서양식, #팬케이크, # 한남동맛집, # 한남동카페, # 팬케이크맛집, # 브런치맛집",팬케이크오리지널스토리_1.jpg,팬케이크오리지널스토리_2.jpg,팬케이크오리지널스토리_3.jpg,팬케이크오리지널스토리_4.jpg
놀부유황오리진흙구이(잠실점),"05549 131, Ogeum-ro, Songpa-gu, Seoul",https://korean.visitseoul.net/restaurants/Nolboo-Sulfur-Duck-RestaurantJamsil/ENP002505?utm_source=seoulopendata&utm_medium=restaurants&utm_content=ENP002505,4.5,"#오리고기, #잠실음식점, # 오리맛집, #유황오리, # 잠실맛집, #놀부유황오리진흙구이잠실점, #한식, #통오리훈제바베큐, # 한식맛집, #종합운동장음식점, #한정식",놀부유황오리진흙구이(잠실점)_1.jpg,놀부유황오리진흙구이(잠실점)_2.jpg,놀부유황오리진흙구이(잠실점)_3.jpg,놀부유황오리진흙구이(잠실점)_4.jpg
도향촌,서울시 중구 남대문로 52-13 충청도서관빌딩 1층 (04535),https://korean.visitseoul.net/restaurants/Dohyangchon-TC/TCP012137?utm_source=seoulopendata&utm_medium=restaurants&utm_content=TCP012137,4.5,"#월병, #도향촌, #명동, # 월병맛집, #명동디저트, #중국과자, # 과자점, # 디저트맛집, #중국전통과자점, # 십경월병",도향촌_1.jpg,도향촌_2.jpg,도향촌_3.jpg,도향촌_4.jpg
파낙스,07332 서울시 영등포(영등포)구 여대방로 65길 17 (여의도동),https://korean.visitseoul.net/restaurants/Panax-JP/JPP003250?utm_source=seoulopendata&utm_medium=restaurants&utm_content=JPP003250,5.0,"#닭요리, # 삼계탕맛집, # 한식맛집, #샛강역, # 한방삼계탕, #파낙스, # 몸보신, #여의도역, #삼계탕, #여의도맛집, # 전복삼계탕",파낙스_1.jpg,파낙스_2.jpg,파낙스_3.jpg,파낙스_4.jpg
대방골,(우)07238 서울시 영등포구 국회로 800,https://korean.visitseoul.net/restaurants/Daebanggol-TC/TCP001598?utm_source=seoulopendata&utm_medium=restaurants&utm_content=TCP001598,4.5,"#남도음식, #여의도, #보리굴비, #한식, #대방골, # 여의도맛집, #한정식, # 한식맛집, #국회의사당역, #여의도한정식",대방골_1.jpg,대방골_2.jpg,대방골_3.jpg,대방골_4.jpg
하쯔호,07345 서울시 영등포구 여의동로 213,https://korean.visitseoul.net/restaurants/Hachiho/ENP002592?utm_source=seoulopendata&utm_medium=restaurants&utm_content=ENP002592,5.0,"#하쯔호, #스시, #오마카세, #여의도맛집, #수요미식회, # 스시맛집, #국회의사당역, #일식맛집, #일식",하쯔호_1.jpg,하쯔호_2.jpg,하쯔호_3.jpg,하쯔호_4.jpg
장수식당,05566 서울특별시 송파구 삼전로 95 (잠실동),https://korean.visitseoul.net/restaurants/장수식당/KOP013854?utm_source=seoulopendata&utm_medium=restaurants&utm_content=KOP013854,4.5,"#잠실맛집, #장수식당, #김치삼겹, #부대찌개, #삼겹살, #신천역, #돼지고기",장수식당_1.jpg,장수식당_2.jpg,장수식당_3.jpg,장수식당_4.jpg
레드마블하우스,06224 서울특별시 강남구 논현로 408,https://korean.visitseoul.net/restaurants/Red-Marble-House/ENP008486?utm_source=seoulopendata&utm_medium=restaurants&utm_content=ENP008486,4.5,"#한우국수전골, #강남맛집, #역삼동음식점, #레스토랑, #역삼역, #강남음식점, #소고기맛집, #레드마블하우스, #와인, # 한우, #고기집",레드마블하우스_1.jpg,레드마블하우스_2.jpg,레드마블하우스_3.jpg,레드마블하우스_4.jpg
오월의종,서울시 용산구 이태원로 49길 24 (우)04348,https://korean.visitseoul.net/restaurants/五月之鐘Oworuijong2/TCP014415?utm_source=seoulopendata&utm_medium=restaurants&utm_content=TCP014415,4.5,"#베이커리, #천연발효종, #오월의종, #무화과빵, #이태원빵집, #이태원역, #이태원맛집, #한남동빵집",오월의종_1.jpg,오월의종_2.jpg,오월의종_3.jpg,오월의종_4.jpg
삼각정,04376 서울시 용산구 한강대로151 (한강로2가),https://korean.visitseoul.net/restaurants/サムガクジョン/JPP013974?utm_source=seoulopendata&utm_medium=restaurants&utm_content=JPP013974,4.5,"#모소리고기, # 삼각지맛집, # 항정살, # 삼겹살맛집, # 특수부위맛집, #삼각지역, # 한식맛집, #삼겹살, #식신로드, #용산맛집, #삼각정",삼각정_1.jpg,삼각정_2.jpg,삼각정_3.jpg,삼각정_4.jpg
멘야산다이메,서울시 마포구 홍익로5내길 24 (우)04039,https://korean.visitseoul.net/restaurants/Menya-Sandaime-CN/CNP011091?utm_source=seoulopendata&utm_medium=restaurants&utm_content=CNP011091,4.5,"#라멘, #일식, # 일식맛집, #멘야산다이메, # 라멘맛집, #홍대음식점, #인생라멘, #서교동맛집, #라멘음식점",멘야산다이메_1.jpg,멘야산다이메_2.jpg,멘야산다이메_3.jpg,멘야산다이메_4.jpg
미성옥,04534 서울시 중(중)구 명동길 25-11 (명동1가),https://korean.visitseoul.net/restaurants/味成屋/JPP002876?utm_source=seoulopendata&utm_medium=restaurants&utm_content=JPP002876,4.5,"#설렁탕, #중구음식점, #한식맛집, #미성옥, #을지로입구역, #명동, #수육, #명동음식점, # 설렁탕맛집, # 명동맛집, # 을지로맛집",미성옥_1.jpg,미성옥_2.jpg,미성옥_3.jpg,미성옥_4.jpg
진아춘 광화문점,"03186 서울 종로구 새문안로 92 (신문로1가, 광화문오피시아)",https://korean.visitseoul.net/restaurants/중화/KOP006215?utm_source=seoulopendata&utm_medium=restaurants&utm_content=KOP006215,4.5,"#진아춘, #광화문역, # 3대맛집, #중화, # 중식, #중국 요리, # 중식맛집, #광화문맛집, #라풍기, #동파육",진아춘 광화문점_1.jpg,진아춘 광화문점_2.jpg,진아춘 광화문점_3.jpg,진아춘 광화문점_4.jpg
가양칼국수버섯매운탕,07333 서울시 영등포(영등포)구 국채구뮌로78 (여의도동) 지하 1층,https://korean.visitseoul.net/restaurants/カヤン・カルグクス・ボソンメウンタン/JPP003272?utm_source=seoulopendata&utm_medium=restaurants&utm_content=JPP003272,4.5,"# 한식맛집, # 매운탕맛집, #샤브샤브, #한식, #샤브샤브맛집, #샛강역, #가양칼국수버섯매운탕, #여의도맛집, #버섯매운탕칼국수",가양칼국수버섯매운탕_1.jpg,가양칼국수버섯매운탕_2.jpg,가양칼국수버섯매운탕_3.jpg,가양칼국수버섯매운탕_4.jpg
나무사이로,(우)03169 서울시 종로구 사직로8길 24,https://korean.visitseoul.net/restaurants/绿树之间Namusairo2/CNP014115?utm_source=seoulopendata&utm_medium=restaurants&utm_content=CNP014115,4.5,"#서촌카페, #광화문카페, #경복궁역, #경복궁카페, #카페, #나무사이로, #핸드드립커피",나무사이로_1.jpg,나무사이로_2.jpg,나무사이로_3.jpg,나무사이로_4.jpg
송아저씨빈대떡,서울시 서대문구 연세로7내길 29 (우)03788,https://korean.visitseoul.net/restaurants/宋叔叔绿豆煎饼Songajeossi-Bindaetteok1/CNP006425?utm_source=seoulopendata&utm_medium=restaurants&utm_content=CNP006425,4.5,"#신촌맛집, #신촌술집, #전통주점, #막걸리, #송아저씨빈대떡, #모둠전, #신촌역",송아저씨빈대떡_1.jpg,송아저씨빈대떡_2.jpg,송아저씨빈대떡_3.jpg,송아저씨빈대떡_4.jpg
지화자,03031 서울시 종로구 종해문로125 (청운동),https://korean.visitseoul.net/restaurants/jihwaja-jp/JPP003280?utm_source=seoulopendata&utm_medium=restaurants&utm_content=JPP003280,4.5,"#미쉐린가이드, #한정식, #한식, #궁중음식, #지화자, #경복궁역, #인간문화재",지화자_1.jpg,지화자_2.jpg,지화자_3.jpg,지화자_4.jpg
도림,"05554 서울 송파구 올림픽로 240 (잠실동, 롯데월드) 32층",https://korean.visitseoul.net/restaurants/도림/KOP003558?utm_source=seoulopendata&utm_medium=restaurants&utm_content=KOP003558,4.5,"#중식맛집, #코스요리, #잠실역, #상어지느러미요리, #중식, # 중국차, #잠실음식점, #롯데호텔, # 잠실맛집, #도림, # 딤섬",도림_1.jpg,도림_2.jpg,도림_3.jpg,도림_4.jpg
레더라,(우)04520 서울시 중구 세종대로 136,https://korean.visitseoul.net/restaurants/Laderach-TC/TCP003714?utm_source=seoulopendata&utm_medium=restaurants&utm_content=TCP003714,4.5,"# 디저트카페, #파이낸스센터, # 초코렛, # 광화문카페, # 초콜릿카페, # 레더라, # 초콜릿, # 광화문역, #스위스초콜릿",레더라_1.jpg,레더라_2.jpg,레더라_3.jpg,레더라_4.jpg
현대칼국수,04526 서울시 중(중)구 세종델로76 (태평로2가),https://korean.visitseoul.net/restaurants/ヒョンデ・カルクグス/JPP004324?utm_source=seoulopendata&utm_medium=restaurants&utm_content=JPP004324,4.5,"#현대칼국수, #칼국수음식점, # 칼국수맛집, # 시청맛집, #물만두, #칼국수, # 시청, #북창동음식점, #인기맛집",현대칼국수_1.jpg,현대칼국수_2.jpg,현대칼국수_3.jpg,현대칼국수_4.jpg
오발탄,05654 서울시 송파구 윌레슨데로 206,https://korean.visitseoul.net/restaurants/obaltan-jp/JPP003803?utm_source=seoulopendata&utm_medium=restaurants&utm_content=JPP003803,4.5,"#잠실맛집, #오발탄, #양구이, #방이역, #양대창, #대창구이, #송파맛집",오발탄_1.jpg,오발탄_2.jpg,오발탄_3.jpg,오발탄_4.jpg
중국,(우)03031 서울시 종로구 자하문로33길 2,https://korean.visitseoul.net/restaurants/中国China4/CNP014508?utm_source=seoulopendata&utm_medium=restaurants&utm_content=CNP014508,5.0,"#경복궁역, #서촌맛집, #볶음밥, #경복궁맛집, #청운동중국, #중식, #짜장면, #탕수육, # 중식맛집, #짬뽕",중국_1.jpg,중국_2.jpg,중국_3.jpg,중국_4.jpg
레트로오븐,06097 서울시 강남구 퐁은살로 55길 25 (삼성동),https://korean.visitseoul.net/restaurants/Retrooven-JP/JPP003603?utm_source=seoulopendata&utm_medium=restaurants&utm_content=JPP003603,5.0,"#선정릉역, #강남, # 삼성동음식점, # 레트로오븐, # 올리브빵, # 삼성동빵집, # 베이커리, # 빵",레트로오븐_1.jpg,레트로오븐_2.jpg,레트로오븐_3.jpg,레트로오븐_4.jpg
반포치킨,(우)06593 서울시 서초구 고무래로8길 5,https://korean.visitseoul.net/restaurants/Banpo-Chicken-CN/CNP006462?utm_source=seoulopendata&utm_medium=restaurants&utm_content=CNP006462,4.5,"#치킨맛집, #수요미식회, # 치맥맛집, #반포음식점, #반포치킨, # 반포맛집, # 강남맛집, #구반포, #마늘통닭, #전기구이, #마늘치킨, #치킨",반포치킨_1.jpg,반포치킨_2.jpg,반포치킨_3.jpg,반포치킨_4.jpg
라룬비올렛,03992 서울시 마포구(마포구) 월드컵 부쿠로 4길 25,https://korean.visitseoul.net/restaurants/La-Lune-Violette2/JPP014620?utm_source=seoulopendata&utm_medium=restaurants&utm_content=JPP014620,4.5,"# 연남동맛집, #레스토랑, # 프렌치, # 에스카르고, # 양식맛집, # 라룬비올렛, #프랑스가정식요리, # 분위기맛집, # 비스트로, # 홍대맛집",라룬비올렛_1.jpg,라룬비올렛_2.jpg,라룬비올렛_3.jpg,라룬비올렛_4.jpg
라칸티나,04523 서울특별시 중구 을지로 19 (삼성빌딩),https://korean.visitseoul.net/restaurants/La-Cantina-EN/ENP011702?utm_source=seoulopendata&utm_medium=restaurants&utm_content=ENP011702,4.5,"# 을지로음식점, # 이탈리안레스토랑, #을지로입구역, # 을지로맛집, # 파스타맛집, # 시청맛집, # 시청음식점, # 스파게티, #라칸티나",라칸티나_1.jpg,라칸티나_2.jpg,라칸티나_3.jpg,라칸티나_4.jpg
씨네 드 쉐프,06022 서울시 강남(강남)구 악정로 30길 45(신사동),https://korean.visitseoul.net/restaurants/シネ・ド・シェフ-cine-de-chef/JPP001268?utm_source=seoulopendata&utm_medium=restaurants&utm_content=JPP001268,4.5,"# 레스토랑, # 씨네드쉐프, # 영화관, # CGV, #프랑스요리, # 명품영화관, # 카페, # 극장, # 문화공간, # CGV압구정점, # 문화",씨네 드 쉐프_1.jpg,씨네 드 쉐프_2.jpg,씨네 드 쉐프_3.jpg,씨네 드 쉐프_4.jpg
송옥,04526 서울시 중구 남대문로1길 11,https://korean.visitseoul.net/restaurants/Songok/ENP012030?utm_source=seoulopendata&utm_medium=restaurants&utm_content=ENP012030,4.5,"#먹자골목, #회현맛집, #메밀국수, #송옥, #시청역, #유부우동, #시청맛집, #정동맛집",송옥_1.jpg,송옥_2.jpg,송옥_3.jpg,송옥_4.jpg
별난오리,03119 서울시 종로구 종로46길 12,https://korean.visitseoul.net/restaurants/Dongdaemun-Special-Duck-Byeolnan-Ori/ENP030870?utm_source=seoulopendata&utm_medium=restaurants&utm_content=ENP030870,5.0,"#별난오리탕, # 한식, # 동대문역, # 오리맛집, # 동대문맛집, # 한식맛집, #별난오리, # 종로맛집, #전기훈제오리구이",별난오리_1.jpg,별난오리_2.jpg,별난오리_3.jpg,별난오리_4.jpg
좋은세상만들기,07222 서울시 영등포(영등포)구 양평로 12가길 14 (양평동 4가),https://korean.visitseoul.net/restaurants/making-a-better-place-jp/JPP015860?utm_source=seoulopendata&utm_medium=restaurants&utm_content=JPP015860,4.5,"# K-pop, #라이브공연, #엑소, #한류관광, # 한류, # 밴드공연, #라이브카페, # EXO, # 카페, #선유도역, # 좋은세상만들기, # 수제버거, # 찬열",좋은세상만들기_1.jpg,좋은세상만들기_2.jpg,좋은세상만들기_3.jpg,좋은세상만들기_4.jpg
진미식당,04207 서울 마포구 마포대로 186-6 (선화의원),https://korean.visitseoul.net/restaurants/진미식당/KOP004427?utm_source=seoulopendata&utm_medium=restaurants&utm_content=KOP004427,4.5,"#진미식당, # 간장게장맛집, #마포, # 간장게장전문, #미쉐린가이드, #간장게장, #미슐랭, #서울간장게장음식점, #마포음식점, #수요미식회, # 마포맛집",진미식당_1.jpg,진미식당_2.jpg,진미식당_3.jpg,진미식당_4.jpg
만족오향족발,04514 서울시 중(중)구 서소문로 134-10 (서소문동),https://korean.visitseoul.net/restaurants/manjok-ohyang-jokbal-jp/JPP013964?utm_source=seoulopendata&utm_medium=restaurants&utm_content=JPP013964,4.5,"#시청역, #오향족발, #시청맛집, #오향장육, #서울3대족발, #미쉐린가이드, #만족오향족발, #서소문맛집",만족오향족발_1.jpg,만족오향족발_2.jpg,만족오향족발_3.jpg,만족오향족발_4.jpg
부산갈매기,04526 서울시 중구 남대문로 25-20,https://korean.visitseoul.net/restaurants/Busan-Galmaegi-E/ENP011853?utm_source=seoulopendata&utm_medium=restaurants&utm_content=ENP011853,4.5,"#생태찌개, #부산갈매기, #시청역, #생태매운탕, #북창동맛집, #정동맛집, # 생태탕, # 한식",부산갈매기_1.jpg,부산갈매기_2.jpg,부산갈매기_3.jpg,부산갈매기_4.jpg
타니넥스트도어,04533 서울시 중(중)구 남대문로 73 (남대문로 2가) 롯데아베뉴엘 9층,https://korean.visitseoul.net/restaurants/Tani-Nextdoor-JP/JPP006067?utm_source=seoulopendata&utm_medium=restaurants&utm_content=JPP006067,4.5,"#레스토랑, # 명동맛집, #퓨전일식, # 분위기맛집, #퓨전요리, # 을지로입구역, # 롯데백화점, # 타니넥스트도어, # 을지로맛집",타니넥스트도어_1.jpg,타니넥스트도어_2.jpg,타니넥스트도어_3.jpg,타니넥스트도어_4.jpg
비하인드,04048 서울시 마포구 어울마당로5길 18,https://korean.visitseoul.net/restaurants/B-hind-E/ENP011936?utm_source=seoulopendata&utm_medium=restaurants&utm_content=ENP011936,4.5,"#홍대맛집, #프렌치토스트, #비하인드, #토스트, #합정카페, #상수역, #샌드위치, #서교동카페",비하인드_1.jpg,비하인드_2.jpg,비하인드_3.jpg,비하인드_4.jpg
대장장이화덕피자집,03056 서울시 종로구 북촌로 42-4 (가회동),https://korean.visitseoul.net/restaurants/Daejangjangi-Hwadeok-Pizza-Jip-JP/JPP002495?utm_source=seoulopendata&utm_medium=restaurants&utm_content=JPP002495,5.0,"#피자맛집, # 인사동, # 안국역피자, # 대장장이화덕피자집, # 양식맛집, #가회동피자, # 안국맛집, # 북촌피자, #이탈리안레스토랑, # 인사동맛집",대장장이화덕피자집_1.jpg,대장장이화덕피자집_2.jpg,대장장이화덕피자집_3.jpg,대장장이화덕피자집_4.jpg
봉래헌(메이필드호텔),"07506 94, Banghwa-daero, Gangseo-gu, Seoul, Korea (외발산동, 메이필드호텔)",https://korean.visitseoul.net/restaurants/BongraejeongMayfield-Hotel/ENP003148?utm_source=seoulopendata&utm_medium=restaurants&utm_content=ENP003148,4.5,"#메이필드호텔, #한식, #봉래헌, #한옥식당, #강서맛집, #궁중요리, #한정식",봉래헌(메이필드호텔)_1.jpg,봉래헌(메이필드호텔)_2.jpg,봉래헌(메이필드호텔)_3.jpg,봉래헌(메이필드호텔)_4.jpg
무교동북어국집,04522 서울특별시 중구 을지로1길 38,https://korean.visitseoul.net/restaurants/Mugyo-dong-Bugeo-guk-EN/ENP010848?utm_source=seoulopendata&utm_medium=restaurants&utm_content=ENP010848,4.5,"#북어국, #무교동북어국집, #종각음식점, #시청역, #해장, # 북엇국, #시청음식점, #정동음식점",무교동북어국집_1.jpg,무교동북어국집_2.jpg,무교동북어국집_3.jpg,무교동북어국집_4.jpg
부산아구,06038 서울특별시 강남구 강남대로 150길 10,https://korean.visitseoul.net/restaurants/Busanjip/ENP011680?utm_source=seoulopendata&utm_medium=restaurants&utm_content=ENP011680,4.5,"#해물요리, #신사맛집, # 간장게장, #부산아구, #아구찜, #강남맛집, #신사역, # 아귀찜, #논현맛집",부산아구_1.jpg,부산아구_2.jpg,부산아구_3.jpg,부산아구_4.jpg
장수원,06558 서울시 서초구 방배중앙로 153,https://korean.visitseoul.net/restaurants/Jangsuwon1/ENP013614?utm_source=seoulopendata&utm_medium=restaurants&utm_content=ENP013614,4.5,"#평양냉면, #소고기, #소불고기, #방배동맛집, #장수원, #이수역, #한식",장수원_1.jpg,장수원_2.jpg,장수원_3.jpg,장수원_4.jpg
황생가칼국수,03053 서울 종로구 북촌로5길 78 (소격동),https://korean.visitseoul.net/restaurants/황생가칼국수/KOP003496?utm_source=seoulopendata&utm_medium=restaurants&utm_content=KOP003496,4.5,"# 칼국수맛집, #버섯전골, #미슐랭, #삼청동, #삼청동음식점, #북촌음식점, #북촌맛집, #황생가칼국수, # 칼국수, #미쉐린가이드, # 북촌칼국수, #왕만두",황생가칼국수_1.jpg,황생가칼국수_2.jpg,황생가칼국수_3.jpg,황생가칼국수_4.jpg
강남교자,"06612 서울 서초구 강남대로69길 11 (서초동, 삼미빌딩) 2층",https://korean.visitseoul.net/restaurants/강남교자/KOP004447?utm_source=seoulopendata&utm_medium=restaurants&utm_content=KOP004447,4.5,"#칼국수맛집, #강남역맛집, #칼국수, #강남교자, #신논현맛집, #신논현역, #논현동맛집, #한식",강남교자_1.jpg,강남교자_2.jpg,강남교자_3.jpg,강남교자_4.jpg
라싸브어,06577 서울시 서초구 서울구 솔레로24 (반포동),https://korean.visitseoul.net/restaurants/la-saveur-jp/JPP004220?utm_source=seoulopendata&utm_medium=restaurants&utm_content=JPP004220,4.5,"# 서래마을맛집, # 고터맛집, # 푸아그라, #스테이크, # 프렌치레스토랑, # 고속터미널역, #달팽이요리, #고메위크, # 코스요리, # 라싸브어, # 정통 프랑스식",라싸브어_1.jpg,라싸브어_2.jpg,라싸브어_3.jpg,라싸브어_4.jpg
대치정육식당,06201 서울시 강남(강남)구 요삼로450 (대치4동),https://korean.visitseoul.net/restaurants/テチ・ジョンユク・シクタン/JPP005408?utm_source=seoulopendata&utm_medium=restaurants&utm_content=JPP005408,4.5,"#삼겹살맛집, #삼성맛집, #수요미식회, #대치동맛집, #고기구이, #선릉역, #대치정육식당, #정육점식당, #특수부위",대치정육식당_1.jpg,대치정육식당_2.jpg,대치정육식당_3.jpg,대치정육식당_4.jpg
열차집,03158 서울시 종로구 종로7길 47 (공평동),https://korean.visitseoul.net/restaurants/ヨルチャチブ/JPP012120?utm_source=seoulopendata&utm_medium=restaurants&utm_content=JPP012120,5.0,"#대포집, #종각음식점, #광화문음식점, #굴전, #종각주점, #막걸리, #열차집, # 종각역, #공평동식당, #종로식당, # 빈대떡",열차집_1.jpg,열차집_2.jpg,열차집_3.jpg,열차집_4.jpg
야래향,04634 서울시 중(구)구 게로10길14 (회현동 1가),https://korean.visitseoul.net/restaurants/夜来香/JPP012174?utm_source=seoulopendata&utm_medium=restaurants&utm_content=JPP012174,4.5,"# 중식맛집, #하얀짬뽕, #남대문맛집, #회현동맛집, #중식, #야래향, #탕수육, #굴짬뽕, #회현역, # 깐풍게살, #중국집",야래향_1.jpg,야래향_2.jpg,야래향_3.jpg,야래향_4.jpg
주,06561 서울시 서초구 동광로19길 16,https://korean.visitseoul.net/restaurants/朱Ju2/TCP013696?utm_source=seoulopendata&utm_medium=restaurants&utm_content=TCP013696,4.5,"#탕수육, #중식, # 중식맛집, #주, #수요미식회, # 주덕성셰프, #방배동맛집, #서울3대탕수육, #내방역, #팔진탕면",주_1.jpg,주_2.jpg,주_3.jpg,주_4.jpg
비스테카,04344 서울시 용산구 용산구 49 (이태원동),https://korean.visitseoul.net/restaurants/Bistecca-JP/JPP005442?utm_source=seoulopendata&utm_medium=restaurants&utm_content=JPP005442,4.5,"# 파스타, #경리단길음식점, # 비스테카, # 스테이크맛집, # 이태원, # 수요미식회, # 레스토랑, # 파스타맛집, #티라미수, # 이탈리아식, # 양식맛집, # 이태원음식점, # 이탈리안레스토랑, # 경리단길맛집",비스테카_1.jpg,비스테카_2.jpg,비스테카_3.jpg,비스테카_4.jpg
성북동누룽지백숙,02879 서울 성북구 성북로31길 9,https://korean.visitseoul.net/restaurants/성북동누룽지백숙/KOP006357?utm_source=seoulopendata&utm_medium=restaurants&utm_content=KOP006357,4.5,"#성북동메밀수제비, #성북동누룽지백숙, # 성북동맛집, # 한성대입구역, # 메밀수제비, # 북악스카이웨이, #한성대맛집, # 한식맛집",성북동누룽지백숙_1.jpg,성북동누룽지백숙_2.jpg,성북동누룽지백숙_3.jpg,성북동누룽지백숙_4.jpg
스시겐,"04037 서울 마포구 양화로7길 6-12 (서교동, 삼이빌딩)",https://korean.visitseoul.net/restaurants/스시겐1/KOP004122?utm_source=seoulopendata&utm_medium=restaurants&utm_content=KOP004122,4.5,"#홍대맛집, #코스요리, #합정맛집, #지라시스시, # 일식맛집, #홍대입구역, #합정역, #스시맛집, #일식, #스시겐",스시겐_1.jpg,스시겐_2.jpg,스시겐_3.jpg,스시겐_4.jpg
마츠에라멘,04030 서울시 마포(마포)구 통교로 126 (서교동),https://korean.visitseoul.net/restaurants/松江ラーメン/JPP006205?utm_source=seoulopendata&utm_medium=restaurants&utm_content=JPP006205,5.0,"#홍대입구역, # 야키교자, # 마츠에식라멘, #홍대맛집, #일본식라멘, #마츠에라멘, # 일식맛집, #서교동맛집, #라멘맛집",마츠에라멘_1.jpg,마츠에라멘_2.jpg,마츠에라멘_3.jpg,마츠에라멘_4.jpg
대우식당,06131 서울 강남구 테헤란로25길 34,https://korean.visitseoul.net/restaurants/대우식당/KOP004041?utm_source=seoulopendata&utm_medium=restaurants&utm_content=KOP004041,4.5,"#대우식당, #역삼동맛집, #맛있는녀석들, #한식, #역삼역, #부대찌개, #강남맛집",대우식당_1.jpg,대우식당_2.jpg,대우식당_3.jpg,대우식당_4.jpg
예당,06026 서울특별시 강남구 언주로 153길 5,https://korean.visitseoul.net/restaurants/Yedang/ENP002567?utm_source=seoulopendata&utm_medium=restaurants&utm_content=ENP002567,5.0,"#보리굴비, #한정식, #한식, #서울안심먹거리, #신사동맛집, #예당, #압구정맛집",예당_1.jpg,예당_2.jpg,예당_3.jpg,예당_4.jpg
세림,04522 서울 중구 남대문로9길 24 (다동),https://korean.visitseoul.net/restaurants/세림/KOP006026?utm_source=seoulopendata&utm_medium=restaurants&utm_content=KOP006026,5.0,"#국수전골, #을지로음식점, #을지로입구역, #시청음식점, #청계천, #세림",세림_1.jpg,세림_2.jpg,세림_3.jpg,세림_4.jpg
사리원,06296 서울특별시 강남구 남부순환로 2712 (도곡동),https://korean.visitseoul.net/restaurants/사리원--Sariwon/KOP002422?utm_source=seoulopendata&utm_medium=restaurants&utm_content=KOP002422,4.5,"#도곡음식점, #한정식, #사리원, #불고기전문점, # 양재맛집, #한식, # 도곡맛집, #매봉역음식점, # 한식맛집, #양재역",사리원_1.jpg,사리원_2.jpg,사리원_3.jpg,사리원_4.jpg
맘마키키,"06577 서울 서초구 서래로10길 9 (반포동, 서래)",https://korean.visitseoul.net/restaurants/맘마키키/KOP003537?utm_source=seoulopendata&utm_medium=restaurants&utm_content=KOP003537,4.5,"# 서래마을맛집, #고속터미널역, # 모둠치즈, # 와인바, # 와인선술집, #반포맛집, # 맘마키키, # 퓨전안주, # 와인",맘마키키_1.jpg,맘마키키_2.jpg,맘마키키_3.jpg,맘마키키_4.jpg
고모네원조콩탕황태탕,(우)03576 서울시 강동구 봉성로57길 13,https://korean.visitseoul.net/restaurants/4姑母元祖豆汤蒸干明太鱼/CNP007059?utm_source=seoulopendata&utm_medium=restaurants&utm_content=CNP007059,5.0,"#고모네콩탕, #두부, #둔촌동맛집, #웰빙음식, # 웰빙요리, # 건강식, # 한식맛집, #성내동맛집, # 맛집, #둔촌동역, #강동구맛집, #한식",고모네원조콩탕황태탕_1.jpg,고모네원조콩탕황태탕_2.jpg,고모네원조콩탕황태탕_3.jpg,고모네원조콩탕황태탕_4.jpg
된장예술툇마루,110-290 서울특별시 종로구 인사동 4킬 5 26,https://korean.visitseoul.net/restaurants/テンジャン・イェスル・テッマル1/JPP010778?utm_source=seoulopendata&utm_medium=restaurants&utm_content=JPP010778,4.5,"#된장예술툇마루, #한식당, #종로3가역, #북어찜구이, #강된장, #툇마루집된장예술, #된장비빔밥, #인사동맛집",된장예술툇마루_1.jpg,된장예술툇마루_2.jpg,된장예술툇마루_3.jpg,된장예술툇마루_4.jpg
두르가 종각점,03189 서울시 종로구 종로8길 5 (2층),https://korean.visitseoul.net/restaurants/Durga-Jonggak-Branch/ENP031015?utm_source=seoulopendata&utm_medium=restaurants&utm_content=ENP031015,4.5,"#커리맛집, #할랄푸드, #종각맛집, #서울특별한음식, #두르가종각점, #인도커리맛집, #종각이색데이트, #인도요리, #네팔요리, #이색요리, #서울맛집",두르가 종각점_1.jpg,두르가 종각점_2.jpg,,두르가 종각점_4.jpg
죽향,(04552) 서울시 중구 강천로 14,https://korean.visitseoul.net/restaurants/粥鄉Jukhyang2/TCP013594?utm_source=seoulopendata&utm_medium=restaurants&utm_content=TCP013594,4.5,"#현미찹쌀죽, #을지로3가역, #을지로맛집, # 녹두죽, # 유기농 현미, #명동맛집, #죽집, # 죽, #죽전문점, #죽향, #게죽",죽향_1.jpg,죽향_2.jpg,죽향_3.jpg,죽향_4.jpg
지대방,03149 서울시 종로구 인사동길 33 2층,https://korean.visitseoul.net/restaurants/Jidaebang-EN/ENP013751?utm_source=seoulopendata&utm_medium=restaurants&utm_content=ENP013751,4.5,"#전통찻집, # 카페, # 전통차, # 인사동, # 쌈지길, # 종로, #오래가게",지대방_1.jpg,지대방_2.jpg,지대방_3.jpg,지대방_4.jpg
불이아(강남점),06050 서울시 강남구 온주로711 (논현동),https://korean.visitseoul.net/restaurants/弗二我-江南店/JPP007436?utm_source=seoulopendata&utm_medium=restaurants&utm_content=JPP007436,4.5,"#중식, #학동역, # 강남맛집, #학동역음식점, # 중식맛집, #훠궈맛집, #강남구청역, #훠궈, #불이아, #논현동음식점, #훠궈음식점, #중국식샤브샤브",불이아(강남점)_1.jpg,불이아(강남점)_2.jpg,불이아(강남점)_3.jpg,불이아(강남점)_4.jpg
카몽(KAMONG),06631 서울시 서초(서초)구 서초로 42길 17(서초(서초)동),https://korean.visitseoul.net/restaurants/カモンKAMONG/JPP020257?utm_source=seoulopendata&utm_medium=restaurants&utm_content=JPP020257,5.0,"#서울카페맛집, #서초카페, #데이트명소, #서울카페데이트, #교대맛집, #서울연예인카페, #벨기에와플, #카이카페, #카몽, #와플맛집, #엑소카이, #디저트맛집",카몽(KAMONG)_1.jpg,카몽(KAMONG)_2.jpg,카몽(KAMONG)_3.jpg,카몽(KAMONG)_4.jpg
평양면옥(논현점),06049 서울특별시 강남구 논현로 150길 6,https://korean.visitseoul.net/restaurants/Pyeongyang-Myeonok-Nonhyeon-Branch/ENP001543?utm_source=seoulopendata&utm_medium=restaurants&utm_content=ENP001543,4.5,"#평양면옥, #수요미식회, #학동역음식점, #어복쟁반, # 학동역맛집, #만두, # 냉면맛집, #평양식, #논현동음식점, #이북식냉면, # 논현맛집, #평양냉면",평양면옥(논현점)_1.jpg,평양면옥(논현점)_2.jpg,평양면옥(논현점)_3.jpg,평양면옥(논현점)_4.jpg
그릴아지사이,(우)06133 서울시 강남구 테헤란로13길 8-10,https://korean.visitseoul.net/restaurants/Grill-Ajisai-TC/TCP001457?utm_source=seoulopendata&utm_medium=restaurants&utm_content=TCP001457,4.5,"#역삼역, # 일식맛집, # 사케, #강남이자카야, # 강남맛집, # 일본본토식, #강남, # 돈가스, #그릴아지사이, #일식, #오므라이스, #이자카야, #역삼이자카야",그릴아지사이_1.jpg,그릴아지사이_2.jpg,그릴아지사이_3.jpg,그릴아지사이_4.jpg
오미가(신사점),06032 서울시 강남구 논현로 833,https://korean.visitseoul.net/restaurants/Omiga-Sinsa-Branch-TC/TCP001641?utm_source=seoulopendata&utm_medium=restaurants&utm_content=TCP001641,4.5,"#한식음식점, #압구정음식점, # 압구정맛집, # 한정식, # 오미가, #오미가신사점, # 게장, #한정식, # 한식맛집, #레스토랑, #신사동음식점, # 홍어요리, #압구정",오미가(신사점)_1.jpg,오미가(신사점)_2.jpg,,오미가(신사점)_4.jpg
최대감네,03148 서울시 종로구 인사동 8길 12-3 (경운동),https://korean.visitseoul.net/restaurants/Choedaegamne-JP/JPP001714?utm_source=seoulopendata&utm_medium=restaurants&utm_content=JPP001714,4.5,"#인사동, #샤브샤브, #연잎밥, #한옥레스토랑, #쌈밥맛집, # 인사동맛집, # 한식맛집, #안국역, #인사동음식점, #최대감네",최대감네_1.jpg,최대감네_2.jpg,최대감네_3.jpg,최대감네_4.jpg
쉐플로,(우)06296 서울시 강남구 논현로36길 29,https://korean.visitseoul.net/restaurants/Chez-Flo-TC/TCP005001?utm_source=seoulopendata&utm_medium=restaurants&utm_content=TCP005001,5.0,"#쉐플로, # 도곡동맛집, # 비스트로, # 프렌치음식, # 매봉역, #가스트로펍, # 퓨전요리, # 서래마을맛집, # 매봉역맛집, # 매봉역음식점, # 와인바, # 서래마을, # 도곡동맛집, # 양식맛집",쉐플로_1.jpg,쉐플로_2.jpg,쉐플로_3.jpg,쉐플로_4.jpg
산들해,"05544 서울 송파구 위례성대로 6 (방이동, 현대토픽스)",https://korean.visitseoul.net/restaurants/산들해/KOP006236?utm_source=seoulopendata&utm_medium=restaurants&utm_content=KOP006236,4.5,"#이천쌀밥, #방이역, #방이동맛집, #한정식, #올림픽공원맛집, #갈비, #산들해",산들해_1.jpg,산들해_2.jpg,산들해_3.jpg,산들해_4.jpg
철철복집,04522 서울특별시 중구 을지로3길 29,https://korean.visitseoul.net/restaurants/Cheolcheol-Bokjip1/ENP006455?utm_source=seoulopendata&utm_medium=restaurants&utm_content=ENP006455,4.5,"#철철복집, #복불고기, #을지로입구역, #복국, #을지로맛집, #시청맛집, #복 요리, #명동맛집",철철복집_1.jpg,철철복집_2.jpg,철철복집_3.jpg,철철복집_4.jpg
버드나무집,06729 서울 서초구 효령로 434 (버드나무집),https://korean.visitseoul.net/restaurants/버드나무집/KOP001505?utm_source=seoulopendata&utm_medium=restaurants&utm_content=KOP001505,4.5,"#소고기국밥, #한우, # 서초맛집, #미슐랭, #갈비탕, #버드나무집, #미쉐린가이드, #뱅뱅사거리음식점, #양재역, # 한우맛집, # 소고기맛집, #서초동음식점",버드나무집_1.jpg,버드나무집_2.jpg,버드나무집_3.jpg,버드나무집_4.jpg
수연산방,02837 서울시 성북구 성북로26길 8,https://korean.visitseoul.net/restaurants/Suyeon-Sanbang-CN/CNP000979?utm_source=seoulopendata&utm_medium=restaurants&utm_content=CNP000979,4.5,"#성북동찻집, #한성대입구, #단호박빙수, #찻집, # 전통차, #전통찻집, #인절미, # 죽순찹쌀떡, #수연산방, #성북동카페",수연산방_1.jpg,수연산방_2.jpg,수연산방_3.jpg,수연산방_4.jpg
에반스,04049 서울시 마포구 와우산로 63,https://korean.visitseoul.net/restaurants/Evans/ENP001142?utm_source=seoulopendata&utm_medium=restaurants&utm_content=ENP001142,4.5,"#라이브바, #홍대입구, #재즈클럽, #재즈바, #홍대클럽, #에반스, #라이브공연, #상수역",에반스_1.jpg,에반스_2.jpg,에반스_3.jpg,에반스_4.jpg
올댓재즈,04350 서울시 용산구 이태원로27가길 12,https://korean.visitseoul.net/restaurants/All-That-Jazz/ENP001154?utm_source=seoulopendata&utm_medium=restaurants&utm_content=ENP001154,4.5,"#이태원클럽, #이태원바, #재즈클럽, #라이브바, #이태원역, #올댓재즈, #이태원, #재즈바",올댓재즈_1.jpg,올댓재즈_2.jpg,올댓재즈_3.jpg,올댓재즈_4.jpg
헤르지아,04630 서울 중구 소파로 97 (예장동),https://korean.visitseoul.net/restaurants/헤르지아/KOP004851?utm_source=seoulopendata&utm_medium=restaurants&utm_content=KOP004851,4.5,"#스테이크, # 무한도전, #헤르지아, # 남산레스토랑, # 돈까스맛집, # 명동맛집, # 명동역, # 양식맛집, # 돈까스, # 파스타",헤르지아_1.jpg,헤르지아_2.jpg,헤르지아_3.jpg,헤르지아_4.jpg
카페 aA,04049 서울특별시 마포구 와우산로 17길 19-18 (아지오빌딩),https://korean.visitseoul.net/restaurants/cafe-aA-EN/ENP000997?utm_source=seoulopendata&utm_medium=restaurants&utm_content=ENP000997,4.5,"# 합정카페, # 홍대입구, # 홍대카페, #상수역, # 디저트카페, # 상수, # 가구전시, # 뮤지엄카페, # 상수카페, # 카페AA, # 디자인뮤지엄, # 카페",카페 aA_1.jpg,카페 aA_2.jpg,카페 aA_3.jpg,카페 aA_4.jpg
프레스카 29,06301 서울시 강남(강남)구 논현로 28길 29 (도곡동),https://korean.visitseoul.net/restaurants/Cafe-Fresca-JP/JPP001252?utm_source=seoulopendata&utm_medium=restaurants&utm_content=JPP001252,4.5,"# 매봉역, # 커피, # 카페프레스카, # 커피강좌, # 디저트, # 매봉역카페, # 도곡동, # 도곡동카페, #드립커피, # 카페",프레스카 29_1.jpg,프레스카 29_2.jpg,프레스카 29_3.jpg,프레스카 29_4.jpg
해랑,06119 서울 강남구 봉은사로 1길 39 2층 (논현동),https://korean.visitseoul.net/restaurants/Haerang-JP/JPP000383?utm_source=seoulopendata&utm_medium=restaurants&utm_content=JPP000383,4.5,"#랍스타사시미, #해물탕, #강남맛집, #논현동음식점, #해물요리, # 랍스타요리, # 해물맛집, #강남, #신논현맛집, #해물음식점, #해랑",해랑_1.jpg,해랑_2.jpg,해랑_3.jpg,해랑_4.jpg
리북손만두,04520 서울시 정구(중구) 무겨로 17-13,https://korean.visitseoul.net/restaurants/リブクソン・マンドゥ/JPP006014?utm_source=seoulopendata&utm_medium=restaurants&utm_content=JPP006014,4.5,"#시청역, #한식, #리북손만두, #김치말이밥, #만두, #시청맛집, #무교동맛집",리북손만두_1.jpg,리북손만두_2.jpg,리북손만두_3.jpg,리북손만두_4.jpg
신미식당,06023 서울시 강남구 압구정로 214,https://korean.visitseoul.net/restaurants/Sinmisikdang-CN/CNP004641?utm_source=seoulopendata&utm_medium=restaurants&utm_content=CNP004641,4.5,"#제육볶음, #신미식당, #감자탕, # 한식맛집, #한식, #돼지갈비, #압구정, #압구정맛집, #신사동, #삼겹살",신미식당_1.jpg,신미식당_2.jpg,신미식당_3.jpg,신미식당_4.jpg
오가와,110-071 서울시 종로구 새문안로5길 19,https://korean.visitseoul.net/restaurants/Ogawa-EN/ENP014230?utm_source=seoulopendata&utm_medium=restaurants&utm_content=ENP014230,4.5,"#오가와, #일식코스, # 광화문맛집, #스시음식점, # 일식맛집, #광화문음식점, # 스시맛집, #서울초밥음식점, #광화문역, #스시, #오마카세",오가와_1.jpg,오가와_2.jpg,오가와_3.jpg,오가와_4.jpg
싱카이 역삼점,06141 서울시 강남(강남)구 논현로508 (역삼동) GS강남타워,https://korean.visitseoul.net/restaurants/Xingkai-駅三店/JPP005983?utm_source=seoulopendata&utm_medium=restaurants&utm_content=JPP005983,5.0,"#오리엔탈요리, #딸기탕수육, #사천요리, #냉채, # 강남맛집, #싱카이, #중식, # 역삼맛집, #광동식, #해산물요리, #사천식, # 중식맛집, # 코스요리, #중국요리",싱카이 역삼점_1.jpg,싱카이 역삼점_2.jpg,싱카이 역삼점_3.jpg,싱카이 역삼점_4.jpg
시실리,06577 서울시 서초구 (서초구) 솔레로 26,https://korean.visitseoul.net/restaurants/sicily-J/JPP004069?utm_source=seoulopendata&utm_medium=restaurants&utm_content=JPP004069,5.0,"#파스타, #고속터미널역, #커피, #서래마을맛집, #시실리, #핸드드립, #카페, #반포동맛집",시실리_1.jpg,시실리_2.jpg,시실리_3.jpg,시실리_4.jpg
수빈떡갈비,03699 서울특별시 서대문구 연희로25길 29 (연희동),https://korean.visitseoul.net/restaurants/수빈떡갈비1/KOP007180?utm_source=seoulopendata&utm_medium=restaurants&utm_content=KOP007180,4.5,"# 간장게장, #홍대입구, #연희동음식점, #떡갈비, #수빈떡갈비, #한정식, #간장게장",수빈떡갈비_1.jpg,수빈떡갈비_2.jpg,수빈떡갈비_3.jpg,수빈떡갈비_4.jpg
텐카이,"04347 서울 용산구 소월로 322 (한남동, 하얏트호텔) LL층",https://korean.visitseoul.net/restaurants/텐카이/KOP006182?utm_source=seoulopendata&utm_medium=restaurants&utm_content=KOP006182,4.5,"#텐카이, #그랜드하얏트호텔, # 일식맛집, #이자카야, #야키도리, #이태원맛집, #레스토랑, #꼬치구이, #한강진역, #다다미식당",텐카이_1.jpg,텐카이_2.jpg,텐카이_3.jpg,텐카이_4.jpg
함스브로트과자점,01443 서울 도봉구 도봉로 483 (쌍문동),https://korean.visitseoul.net/restaurants/2023019/KOP042375?utm_source=seoulopendata&utm_medium=restaurants&utm_content=KOP042375,5.0,"# 빵, #케이크, # 명장, # 꽃다발케이크, # 빵지순례, # 쌍문역, #오래가게, # 제과",함스브로트과자점_1.jpg,함스브로트과자점_2.jpg,함스브로트과자점_3.jpg,함스브로트과자점_4.jpg
텍사스 데 브라질,06545 서울시 서초구 사평대로 205,https://korean.visitseoul.net/restaurants/Texas-de-Brazil/ENP019331?utm_source=seoulopendata&utm_medium=restaurants&utm_content=ENP019331,4.5,"#브라질음식맛집, # 슈하스코무한리필, # 브라질레스토랑, # 양식맛집, # 스테이크, #고속터미널역, # 브라질요리, # 텍사스데브라질, # 샐러드바",텍사스 데 브라질_1.jpg,텍사스 데 브라질_2.jpg,텍사스 데 브라질_3.jpg,텍사스 데 브라질_4.jpg
[백년가게] 나주곰탕우정집,"06130 서울시 강남구 강남대로94길 571F (역삼동, 역삼동빌딩)",https://korean.visitseoul.net/restaurants/百年老店-罗州牛骨友情店/CNP042261?utm_source=seoulopendata&utm_medium=restaurants&utm_content=CNP042261,4.5,"#나주곰탕, #나주곰탕우정집, #백년가게, #삼겹살",[백년가게] 나주곰탕우정집_1.jpg,[백년가게] 나주곰탕우정집_2.jpg,[백년가게] 나주곰탕우정집_3.jpg,[백년가게] 나주곰탕우정집_4.jpg
스시 카이신,06071 서울시 강남구 도산대로100길 12,https://korean.visitseoul.net/restaurants/Sushi-Kaisin/ENP025621?utm_source=seoulopendata&utm_medium=restaurants&utm_content=ENP025621,5.0,"#전통스시, #스시카이신, #스시, #에도마에스시, #일본인셰프, # 일식맛집, # 강남맛집, # 스시맛집, #오마카세, # 청담동맛집, #사시미",스시 카이신_1.jpg,스시 카이신_2.jpg,스시 카이신_3.jpg,스시 카이신_4.jpg
[백년가게] 시골감자국,"03478 서울 은평구 응암로 174 (응암동) 1층, 2층",https://korean.visitseoul.net/restaurants/백년가게-시골감자국/KOP042321?utm_source=seoulopendata&utm_medium=restaurants&utm_content=KOP042321,5.0,"#시골감자국, #뼈찜, #백년가게, #감자탕",[백년가게] 시골감자국_1.jpg,[백년가게] 시골감자국_2.jpg,[백년가게] 시골감자국_3.jpg,[백년가게] 시골감자국_4.jpg
[백년가게] 군산오징어,"05602 서울특별시 송파구 삼학사로 101 (4층) (삼전동, 군산오징어)",https://korean.visitseoul.net/restaurants/Baeknyeon-gage-Gunsan-Squid/ENP042250?utm_source=seoulopendata&utm_medium=restaurants&utm_content=ENP042250,4.5,"#오낙불고기, #오징어불고기, #군산오징어, #낙곱새, #백년가게, #갑오징어불고기, #오삼불고기",[백년가게] 군산오징어_1.jpg,[백년가게] 군산오징어_2.jpg,[백년가게] 군산오징어_3.jpg,[백년가게] 군산오징어_4.jpg
