New_Address,Name,Website,Rating,Tags,Closed_Day,Image_1,Image_2,Image_3,Image_4
"04537 서울 중구 명동길 74 (명동2가, 명동성당)",1898 명동성당,https://korean.visitseoul.net/attractions/1898-명동성당/KOP015338?utm_source=seoulopendata&utm_medium=attractions&utm_content=KOP015338,4.5,"#명동대성당, #명동나들이, # 성당, #복합문화공간, # 고딕, # 1898광장, #명동","설날, 추석 당일 성당사무실 월요일 휴무",1898 명동성당_1.jpg,1898 명동성당_2.jpg,1898 명동성당_3.jpg,1898 명동성당_4.jpg
07337 서울시 영등포구 여의동로 290,한강 이랜드크루즈,https://korean.visitseoul.net/attractions/Hangang-Cruise/ENP002126?utm_source=seoulopendata&utm_medium=attractions&utm_content=ENP002126,4.0,"# 이랜드크루즈뷔페, # 자연, # 하천, # 이랜드크루즈, # 런닝맨, # 한강이랜드크루즈, # 진성나루, # 이랜드크루즈애슐리, # 한강유람선, #여의도, # 여의나루역, #한강데이트","천재지변, 기상 악화시",한강 이랜드크루즈_1.jpg,한강 이랜드크루즈_2.jpg,한강 이랜드크루즈_3.jpg,한강 이랜드크루즈_4.jpg
서울시 동작구 동작대로27다길 29 2층,애플하우스,https://korean.visitseoul.net/attractions/2023024/ENPc29hhb?utm_source=seoulopendata&utm_medium=attractions&utm_content=ENPc29hhb,4.0,"# 즉석떡볶이, # 무침군만두, #오래가게, # 분식, # 순대볶음, # 사당동",없음,애플하우스_1.jpg,애플하우스_2.jpg,애플하우스_3.jpg,애플하우스_4.jpg
서울시 서초구 올림픽대로 2085-14,반포대교 야경,https://korean.visitseoul.net/attractions/Night-Views-at-Banpodaegyo-Bridge/ENP016325?utm_source=seoulopendata&utm_medium=attractions&utm_content=ENP016325,3.5,"#한강데이트, #데이트코스, #반포야경, #서울풍경, #반포한강공원, #서울야경명소, #서울여행, #공원, #산책, #걷기, #반포대교옆한강공원, #반포대교달빛무지개분수, #반포대교, #서울, #무지개분수, #서울의밤, #야경",정보 없음,반포대교 야경_1.jpg,반포대교 야경_2.jpg,반포대교 야경_3.jpg,반포대교 야경_4.jpg
"03900 95, Haneulgongwon-ro, Mapo-gu, Seoul",하늘공원 야경,https://korean.visitseoul.net/attractions/NightViewsatHaneulPark/ENP016322?utm_source=seoulopendata&utm_medium=attractions&utm_content=ENP016322,4.5,"#생태환경공원, #  억새, # 노을, # 억새축제, #데이트, #홍대, # 월드컵공원, #평화의공원, # 야경, # 하늘공원, #노을공원, # 난지천공원",정보 없음,하늘공원 야경_1.jpg,하늘공원 야경_2.jpg,하늘공원 야경_3.jpg,하늘공원 야경_4.jpg
03062 서울시 종로구 삼청로 14,갤러리 현대,https://korean.visitseoul.net/attractions/Gallery-Hyundai-EN/ENP001694?utm_source=seoulopendata&utm_medium=attractions&utm_content=ENP001694,4.5,"#갤러리, #경복궁역, #갤러리현대, # 두가헌갤러리, # 안국역, # 현대갤러리, # 근현대미술, # 미술관, # 광화문, # 사간동, # 전시, # 두가헌",월,갤러리 현대_1.jpg,갤러리 현대_2.jpg,갤러리 현대_3.jpg,갤러리 현대_4.jpg
02789 서울시 성북구 화랑로32길 146-37,의릉,https://korean.visitseoul.net/attractions/Uireung/ENP005205?utm_source=seoulopendata&utm_medium=attractions&utm_content=ENP005205,4.0,"#신이문역, # 의릉, #유네스코, #선의왕후, #유적지, # 돌곶이역, #중앙정보부, # 역사, # 경종, # 세계문화유산, # 관광지",월,의릉_1.jpg,의릉_2.jpg,의릉_3.jpg,의릉_4.jpg
03131 서울시 종로구 삼일대로 464,운현궁,https://korean.visitseoul.net/attractions/UnhyeongungPalace/ENP000471?utm_source=seoulopendata&utm_medium=attractions&utm_content=ENP000471,4.0,"#서울여행, #운현궁, #서울나들이여행, #서울궁궐, #한국궁궐, #서울, #서울산책코스, #서울고궁투어, #종묘, #서울가볼만한곳, #데이트코스, #서울볼거리",월 공휴일이 월요일일 경우 정상 개장,운현궁_1.jpg,운현궁_2.jpg,운현궁_3.jpg,운현궁_4.jpg
07345 서울시 영등포(영등포)구 63로50 (여의도) 63 한화생명빌딩,63스퀘어,https://korean.visitseoul.net/attractions/63-square-jp/JPP000210?utm_source=seoulopendata&utm_medium=attractions&utm_content=JPP000210,4.0,"#63스퀘어, # 전망대, #여의도, #63빌딩, # 63아트, # 63빌딩전망대, #63아쿠아플라넷, #아쿠아리움, #데이트코스, #63빌딩레스토랑",임시휴업,63스퀘어_1.jpg,63스퀘어_2.jpg,63스퀘어_3.jpg,63스퀘어_4.jpg
100-120 서울시 중구 세종대로 99,덕수궁,https://korean.visitseoul.net/attractions/Deoksugung-Palace/ENP002046?utm_source=seoulopendata&utm_medium=attractions&utm_content=ENP002046,4.0,"#한국전통, #덕수궁투어, #한국역사, #서울걷기좋은길, #한국궁, #서울여행, #정동돌담길, #덕수궁야간, #서울야경, #서울필수여행지, #한국여행지, #궁궐투어, #서울나들이, #덕수궁, #정동길, #고종의길, #궁",월,덕수궁_1.jpg,덕수궁_2.jpg,덕수궁_3.jpg,덕수궁_4.jpg
100-070 서울특별시 중구 소공로 106,환구단(원구단),https://korean.visitseoul.net/attractions/Wongudan-Altar/ENP004198?utm_source=seoulopendata&utm_medium=attractions&utm_content=ENP004198,4.0,"# 을지로입구역, # 제천단, # 광화문, # 원구단, # 환구단, #시청역, # 조선호텔",정보 없음,환구단(원구단)_1.jpg,환구단(원구단)_2.jpg,환구단(원구단)_3.jpg,환구단(원구단)_4.jpg
07345 서울시 영등포(영등포)구 63로50 (여의도동) 한화금융센터 63,63전망대 야경,https://korean.visitseoul.net/attractions/63-Square-at-Night-JP/JPP016323?utm_source=seoulopendata&utm_medium=attractions&utm_content=JPP016323,4.0,"# 63스퀘어, # 63빌딩전망대, # 63아트, #전시, # 서울야경, # 전망대, #경치, # 야경, #63빌딩, # 여의도, # 소원의벽",연중무휴,63전망대 야경_1.jpg,63전망대 야경_2.jpg,63전망대 야경_3.jpg,63전망대 야경_4.jpg
서울특별시 강남구 테헤란로1길 20(역삼동),모퉁이집,https://korean.visitseoul.net/attractions/2023004/ENPou99aq?utm_source=seoulopendata&utm_medium=attractions&utm_content=ENPou99aq,4.0,"#오래가게, # 분식, # 라면, # 수제비, # 해장, # 강남역, # 신논현역",매일,모퉁이집_1.jpg,모퉁이집_2.jpg,모퉁이집_3.jpg,모퉁이집_4.jpg
04506 서울특별시 중구 청파로 447-1,약현성당,https://korean.visitseoul.net/attractions/Yakhyeon-Catholic-Church/ENP001845?utm_source=seoulopendata&utm_medium=attractions&utm_content=ENP001845,4.0,"#천주교, #성당, #고딕성당, # 중림동성당, #약현성당, # 서양식, #결혼식, # 순교자기념관, # 종교, # 서울역","월요일설날, 추석 연휴",약현성당_1.jpg,약현성당_2.jpg,약현성당_3.jpg,약현성당_4.jpg
"04084 46, Yanghwajin-gil, Mapo-gu, Seoul",양화진외국인선교사묘원,https://korean.visitseoul.net/attractions/Yanghwajin-Foreign-Missionary-Cemetery/ENP001153?utm_source=seoulopendata&utm_medium=attractions&utm_content=ENP001153,5.0,"# 합정역, #양화진외국인선교사묘원, # 한국선교기념관, #선교사, #합정동, #양화진, #홍대, #기념관","일요일신정 1월 1일, 설 연휴, 추석 연휴, 성탄절에는 안내를 제공치 않습니다",양화진외국인선교사묘원_1.jpg,양화진외국인선교사묘원_2.jpg,양화진외국인선교사묘원_3.jpg,양화진외국인선교사묘원_4.jpg
04538 서울시 중구 을지로 66 하나금융그룹 명동사옥 별관 1층,명동관광정보센터,https://korean.visitseoul.net/attractions/Myeong-dong-Tourist-Information-Center/ENP011469?utm_source=seoulopendata&utm_medium=attractions&utm_content=ENP011469,4.5,"#관광정보, #명동, #관광정보센터, #명동관광정보센터, #을지로입구역, #안내, #서울관광정보센터",음력 설 및 추석 당일 휴관,명동관광정보센터_1.jpg,명동관광정보센터_2.jpg,명동관광정보센터_3.jpg,명동관광정보센터_4.jpg
06500 서울시 서초구 올림픽대로 2085-14,세빛섬,https://korean.visitseoul.net/attractions/Sebitseom/ENP024645?utm_source=seoulopendata&utm_medium=attractions&utm_content=ENP024645,4.0,"#전시, #야간명소, #공연, #수상문화공간, # 세빛섬, #강남, #야경, #이벤트, # 인공섬, #한강",연중무휴,세빛섬_1.jpg,세빛섬_2.jpg,세빛섬_3.jpg,세빛섬_4.jpg
02841 서울시 성북(성북)구 아남로 145 (안암동 5가) 고료(고려) 아남(안암) 캠퍼스,고려대학교 본관 및 구 중앙도서관,https://korean.visitseoul.net/attractions/korea-univ-main-building-former-central-library-jp/JPP002962?utm_source=seoulopendata&utm_medium=attractions&utm_content=JPP002962,4.5,"#안암동도서관, # 유적지, # 성북구, # 고려대학교, #안암역, # 도서관, # 고려대역, # 역사, # 대학교도서관, # 해송법학도서관, #고려대",정보 없음,고려대학교 본관 및 구 중앙도서관_1.jpg,고려대학교 본관 및 구 중앙도서관_2.jpg,고려대학교 본관 및 구 중앙도서관_3.jpg,고려대학교 본관 및 구 중앙도서관_4.jpg
110-062 서울시 종로구 종현근길 42 (신문로2가),성곡미술관,https://korean.visitseoul.net/attractions/sungkok-art-museum-jp/JPP001907?utm_source=seoulopendata&utm_medium=attractions&utm_content=JPP001907,4.0,"#한국미술, #미술, # 전시, # 카페찻집, # 김성곤, # 경복궁역, #성곡미술관, # 미술관, # 야외조각공원, # 광화문, # 광화문역, # 찻집",월,성곡미술관_1.jpg,성곡미술관_2.jpg,성곡미술관_3.jpg,성곡미술관_4.jpg
120-080 서울특별시 서대문구 통일로 251,서대문형무소역사관,https://korean.visitseoul.net/attractions/Seodaemun-Prison-History-Hall/ENP001831?utm_source=seoulopendata&utm_medium=attractions&utm_content=ENP001831,4.5,"# 3.1, # 공원, # 안창호, #역사관, # 역사, # 독립관, #순국열사, # 서대문형무소, # 강우규, #서대문독립공원, # 역사 유적, # 8.15, # 유관순, # 독립선언기념탑, #독립운동가, #독립문역",월요일공휴일인 경우 그 다음날1월1일설날추석 당일,서대문형무소역사관_1.jpg,서대문형무소역사관_2.jpg,서대문형무소역사관_3.jpg,서대문형무소역사관_4.jpg
100-022 서울특별시 중구 명동길 74,명동성당,https://korean.visitseoul.net/attractions/Myeongdong-Cathedral/ENP004036?utm_source=seoulopendata&utm_medium=attractions&utm_content=ENP004036,4.5,"#역사, # 가톨릭, # 명동성당, # 성당, #명동대성당, # 고딕, # 명동주교좌성당, # 종교, #명동, # 천주교",없음,명동성당_1.jpg,명동성당_2.jpg,명동성당_3.jpg,명동성당_4.jpg
"06902 서울시 동작(구작)구 노량진로 191 (노량진동, 사육신묘지공원) (사양진동)",사육신공원,https://korean.visitseoul.net/attractions/Sayuksin-Park-JP/JPP004513?utm_source=seoulopendata&utm_medium=attractions&utm_content=JPP004513,3.5,"#사육신, # 여의도, # 한강대교, #노들역, # 노량진역, #세조, #문화유산, # 노량진, # 유형문화재8번, # 사육신묘",정보 없음,사육신공원_1.jpg,사육신공원_2.jpg,사육신공원_3.jpg,사육신공원_4.jpg
02456 서울시 동대문구 홍릉로 90,영휘원 숭인원(홍릉),https://korean.visitseoul.net/attractions/Yeonghwiwon-and-Sunginwon-Royal-Tombs/ENP004524?utm_source=seoulopendata&utm_medium=attractions&utm_content=ENP004524,4.0,"#역사, # 동대문구, # 의릉, # 청량리역, # 서울왕릉, # 현충사, #홍릉, # 유적지, #청량리, # 가을단풍, # 영휘원, #  조선, # 숭인원, #조선왕릉",월,영휘원 숭인원(홍릉)_1.jpg,영휘원 숭인원(홍릉)_2.jpg,영휘원 숭인원(홍릉)_3.jpg,영휘원 숭인원(홍릉)_4.jpg
"03722 50, Yonsei-ro, Seodaemun-gu, Seoul",연세대학교 스팀슨관&언더우드관&아펜젤러관,https://korean.visitseoul.net/attractions/Yonsei-Universitys-Stimson-Hall--Underwood-Hall--Appenzeller-Hall/ENP002435?utm_source=seoulopendata&utm_medium=attractions&utm_content=ENP002435,4.5,"#신촌역, #신촌캠퍼스, # 유적지, # 아펜젤러, # 스팀슨, # 언더우드, # 배재학당, #연세대학교, # 홍대",정보 없음,연세대학교 스팀슨관&언더우드관&아펜젤러관_1.jpg,연세대학교 스팀슨관&언더우드관&아펜젤러관_2.jpg,연세대학교 스팀슨관&언더우드관&아펜젤러관_3.jpg,연세대학교 스팀슨관&언더우드관&아펜젤러관_4.jpg
01794 서울시 노원구 화랑로681 (공릉동),"태릉, 강릉",https://korean.visitseoul.net/attractions/taereung-and-gangreung-royal-tombs-jp/JPP002299?utm_source=seoulopendata&utm_medium=attractions&utm_content=JPP002299,4.0,"#태릉선수촌, # 화랑대역, #노원구, # 왕릉, #태릉, # 유적지, #강릉",월,"태릉, 강릉_1.jpg","태릉, 강릉_2.jpg","태릉, 강릉_3.jpg","태릉, 강릉_4.jpg"
04566 서울특별시 중구 을지로 281 (을지로7가),동대문디자인플라자 (DDP),https://korean.visitseoul.net/attractions/Dongdaemun-Design-Plaza-en/ENP024679?utm_source=seoulopendata&utm_medium=attractions&utm_content=ENP024679,4.0,"#서울놀거리, #서울데이트코스, #서울동대문역사문화공원역, #서울DDP, #서울복합문화공간, #DDP, #서울볼거리, #동대문디자인플라자, #서울명소",정보 없음,동대문디자인플라자 (DDP)_1.jpg,동대문디자인플라자 (DDP)_2.jpg,동대문디자인플라자 (DDP)_3.jpg,동대문디자인플라자 (DDP)_4.jpg
135-090 서울특별시 강남구 선릉로100길 1,선정릉(선릉),https://korean.visitseoul.net/attractions/Seonjeongneung-Tomb/ENP001414?utm_source=seoulopendata&utm_medium=attractions&utm_content=ENP001414,4.0,"#서울가볼만한곳, #전릉, #선릉, #서울데이트장소추천, #공원데이트, #세계문화유산, #서울공원, #선릉역, #서울역사적명소, #선정릉, #선릉데이트장소, #문화유산, #도시속유네스코",월,선정릉(선릉)_1.jpg,선정릉(선릉)_2.jpg,선정릉(선릉)_3.jpg,선정릉(선릉)_4.jpg
100-120 서울시 중구 세종대로21길 15,대한성공회서울주교좌성당(서울성공회성당),https://korean.visitseoul.net/attractions/Seoul-Anglican-Cathedral/ENP002030?utm_source=seoulopendata&utm_medium=attractions&utm_content=ENP002030,4.5,"#대한성공회, # 덕수궁돌담길, #광화문, # 광화문역, # 천주교, # 시청역, #서울주교좌성당",일요일에는 예배만 가능,대한성공회서울주교좌성당(서울성공회성당)_1.jpg,대한성공회서울주교좌성당(서울성공회성당)_2.jpg,대한성공회서울주교좌성당(서울성공회성당)_3.jpg,대한성공회서울주교좌성당(서울성공회성당)_4.jpg
"03034 서울 종로구 옥인 1길 34(옥인동, 박노수 가옥)",박노수미술관,https://korean.visitseoul.net/attractions/박노수미술관/JPP042350?utm_source=seoulopendata&utm_medium=attractions&utm_content=JPP042350,4.0,#박노수미술관,매주 월요일 휴관,박노수미술관_1.jpg,박노수미술관_2.jpg,박노수미술관_3.jpg,박노수미술관_4.jpg
"04340 서울시 용산구 남산공원길 105 (용산동2가, YTN 서울타워)",남산서울타워,https://korean.visitseoul.net/attractions/Namsan-Seoul-Tower/ENP000036?utm_source=seoulopendata&utm_medium=attractions&utm_content=ENP000036,4.0,"#서울데이트, #남산타워, #케이블카, #전망대, #서울야경명소, #전망, #야경, #남산타워전망대, #서울야경, #남산, #명동, #남산서울타워, #N서울타워, #서울데이트장소",연중무휴,남산서울타워_1.jpg,남산서울타워_2.jpg,남산서울타워_3.jpg,남산서울타워_4.jpg
03056 서울시 종로구 북촌로12길 10,동림매듭공방,https://korean.visitseoul.net/attractions/Donglim-Knot-Workshop/ENP018898?utm_source=seoulopendata&utm_medium=attractions&utm_content=ENP018898,3.5,"#창작품, # 매듭체험, # 북촌한옥마을, # 전통공예, #오래가게, # 전통체험, # 전통매듭",월,동림매듭공방_1.jpg,동림매듭공방_2.jpg,동림매듭공방_3.jpg,동림매듭공방_4.jpg
02880 서울특별시 성북구 성북로 7,나폴레옹과자점,https://korean.visitseoul.net/attractions/Napoleon/ENP006613?utm_source=seoulopendata&utm_medium=attractions&utm_content=ENP006613,4.5,"# 서울3대빵집, # 성북동, # 대학로, # 서울미래유산, #오래가게, # 제과점, #빵, # 케이크",없음,나폴레옹과자점_1.jpg,나폴레옹과자점_2.jpg,나폴레옹과자점_3.jpg,나폴레옹과자점_4.jpg
05540 서울시 송파구 위례성대로 71,한성백제박물관,https://korean.visitseoul.net/attractions/Seoul-Baekje-Museum/ENP011610?utm_source=seoulopendata&utm_medium=attractions&utm_content=ENP011610,4.0,"#한성백제박물관, # 올림픽공원역, #문화재, #몽촌토성역, # 잠실, # 백제, # 4D영상체험, # 올림픽공원, # 방이동, # 유적, # 전시, # 박물관",월월요일이 공휴일인 경우 개관1월 1일,한성백제박물관_1.jpg,한성백제박물관_2.jpg,한성백제박물관_3.jpg,한성백제박물관_4.jpg
03059 서울시 종로구 종동길 37,북촌한옥마을,https://korean.visitseoul.net/attractions/bukchon-hanok-village-jp/JPP000261?utm_source=seoulopendata&utm_medium=attractions&utm_content=JPP000261,4.0,"#한국전통, #한국전통가옥, #북촌한옥마을데이트, #서울명소, #북촌한옥마을, #서울데이트, #서울북촌한옥마을, #서울나들이, #걷기좋은곳, #한옥마을, #한국문화, #서울여행, #서울가볼만한곳, #부모님과함께",정보 없음,북촌한옥마을_1.jpg,북촌한옥마을_2.jpg,북촌한옥마을_3.jpg,북촌한옥마을_4.jpg
06020 서울시 강남구 도산대로45길 20,도산공원,https://korean.visitseoul.net/attractions/Dosan-Park/ENP001789?utm_source=seoulopendata&utm_medium=attractions&utm_content=ENP001789,4.0,"#기념관, #공원, #안창호, #도산공원, # 전시, # 압구정역, #강남, # 도산안창호","도산 안창호 기념관 1월 1일, 명절 연휴 휴무",도산공원_1.jpg,도산공원_2.jpg,도산공원_3.jpg,도산공원_4.jpg
서울시 서초(서초)구 호닌릉길 34 (내곡동) 호닌룽(헌인릉) 관리사무소,헌인릉,https://korean.visitseoul.net/attractions/Heonilleung-JP/JPP005240?utm_source=seoulopendata&utm_medium=attractions&utm_content=JPP005240,4.5,"#관광코스, # 서울문화재, # 세계문화유산, # 유네스코, #강남, # 인릉, # 헌릉, # 조선왕릉, #서울명소, #헌인릉, # 문화재청",월,헌인릉_1.jpg,헌인릉_2.jpg,헌인릉_3.jpg,헌인릉_4.jpg
110-012 서울시 종로구 북악산로 267,북악스카이웨이 북악팔각정,https://korean.visitseoul.net/attractions/北岳高架路八角亭/CNP011117?utm_source=seoulopendata&utm_medium=attractions&utm_content=CNP011117,4.0,"# 북악스카이웨이, #북악산둘레길, #야경, # 북악산, # 산책로, #북악산성곽길, #팔각정",정보 없음,북악스카이웨이 북악팔각정_1.jpg,북악스카이웨이 북악팔각정_2.jpg,북악스카이웨이 북악팔각정_3.jpg,북악스카이웨이 북악팔각정_4.jpg
07233 서울시 영등포구 의사당대로 1,국회의사당,https://korean.visitseoul.net/attractions/National-Assembly-Building/ENP005763?utm_source=seoulopendata&utm_medium=attractions&utm_content=ENP005763,4.0,"# 국회참관, # 국회도서관, # 의원회관, # 여의도, # 국회의사당역, #인권, #국회, #역사, # 민주주의, # 국회의사당","일요일, 공휴일, 근로자의 날51, 국회개원기념일531",국회의사당_1.jpg,국회의사당_2.jpg,국회의사당_3.jpg,국회의사당_4.jpg
04524 서울시 중구 세종대로 110,서울도서관 (옛 서울시청사),https://korean.visitseoul.net/attractions/Seoul-Metropolitan-Library/ENP010231?utm_source=seoulopendata&utm_medium=attractions&utm_content=ENP010231,4.5,"#을지로역, #서울도서관, #시청역, # 문화, # 시청, #도서관, # 시청사통통투어, #공공도서관, # 서울시청사, # 광화문",월요일법정 공휴일 및 관공서의 공휴일기타 관장이 필요하다고 인정하는 날,서울도서관 (옛 서울시청사)_1.jpg,서울도서관 (옛 서울시청사)_2.jpg,서울도서관 (옛 서울시청사)_3.jpg,서울도서관 (옛 서울시청사)_4.jpg
03163 서울시 종로구 인사동길 12,박물관은 살아있다-인사동점,https://korean.visitseoul.net/attractions/Alive-Museum-EN/ENP021287?utm_source=seoulopendata&utm_medium=attractions&utm_content=ENP021287,4.0,"#박물관은살아있다, #서울관광, #체험, #인사동, #서울여행, #종각역, #시티투어버스정류장, #종로3가역",연중무휴,박물관은 살아있다-인사동점_1.jpg,박물관은 살아있다-인사동점_2.jpg,박물관은 살아있다-인사동점_3.jpg,박물관은 살아있다-인사동점_4.jpg
110-050 서울시 종로구 종종로 175 (세종로) 세종문화회관 지하 2층 세종스토리,세종이야기 • 충무공이야기,https://korean.visitseoul.net/attractions/The-Story-of-King-Sejong-The-Story-of-Admiral-Yi-Sunshin-JP/JPP005465?utm_source=seoulopendata&utm_medium=attractions&utm_content=JPP005465,4.0,"# 광화문역, # 종각역, # 충무공이순신, # 문화, # 세종문화회관, # 역사, #경복궁역, # 세종대왕, #광화문, # 박물관, # 충무공이야기, # 이순신","월단, 월요일이 법정공휴일인 경우 정상개관하고 공휴일 다음의 첫 번째 평일 휴관",세종이야기 • 충무공이야기_1.jpg,세종이야기 • 충무공이야기_2.jpg,세종이야기 • 충무공이야기_3.jpg,세종이야기 • 충무공이야기_4.jpg
136-022 서울시 성북구 선칸로5길 68,길상사,https://korean.visitseoul.net/attractions/吉祥寺-길상사/TCP003255?utm_source=seoulopendata&utm_medium=attractions&utm_content=TCP003255,4.5,"#한성대입구역, #성북동, #종교, #서울사찰, #길상사, #서울벚꽃, # 템플스테이, #절, #수련, #침묵의집, #법정스님",정보 없음,길상사_1.jpg,길상사_2.jpg,길상사_3.jpg,길상사_4.jpg
04515 서울시 중(구)구 토수근길 61 (서소문동),서울시립미술관 (서소문본관),https://korean.visitseoul.net/attractions/seoul-museum-of-art-seosomun-main-building-jp/JPP001525?utm_source=seoulopendata&utm_medium=attractions&utm_content=JPP001525,4.0,"#서울시립미술관, # 서울전시, #문화, #미술, # 시청역, # 예술, #갤러리, # 광화문, #서대문역, # 서소문동, #정동길, #덕수궁, # 미술관",월요일1월 1일,서울시립미술관 (서소문본관)_1.jpg,서울시립미술관 (서소문본관)_2.jpg,서울시립미술관 (서소문본관)_3.jpg,서울시립미술관 (서소문본관)_4.jpg
03045 서울시 종로구 삼청로 37,국립민속박물관,https://korean.visitseoul.net/attractions/National-Folk-Museum-of-Korea/ENP001644?utm_source=seoulopendata&utm_medium=attractions&utm_content=ENP001644,4.5,"#삼청동, #광화문, # 국립민속박물관, # 역사, # 추억의거리, # 시티투어버스정류장, #경복궁, # 생활문화, #박물관, # 인사동"," 매년 1월1일 설, 추석 당일",국립민속박물관_1.jpg,국립민속박물관_2.jpg,국립민속박물관_3.jpg,국립민속박물관_4.jpg
07525 수라시 강서구 가양동(가양동),허준박물관,https://korean.visitseoul.net/attractions/heojun-museum-jp/JPP001403?utm_source=seoulopendata&utm_medium=attractions&utm_content=JPP001403,4.5,"# 가양동, #가양역, # 허준, # 역사, # 구암허준, # 박물관, # 체험학습, # 체험관, # 구암공원, # 동의보감, # 한의학, #허준박물관","월요일1월 1일설 당일, 추석 당일",허준박물관_1.jpg,허준박물관_2.jpg,허준박물관_3.jpg,허준박물관_4.jpg
"06757 2364, Nambusunhwan-ro, Seocho-gu, Seoul",국립국악원박물관,https://korean.visitseoul.net/attractions/National-Gugak-Museum/ENP011893?utm_source=seoulopendata&utm_medium=attractions&utm_content=ENP011893,4.5,"#방배역, # 강남, #전통음악, # 남부터미널역, # 내방역, # 관광지, # 박물관, # 국악기, # 전시, # 국립국악원, # 국립국악박물관, #공연",월1월 1일,국립국악원박물관_1.jpg,국립국악원박물관_2.jpg,국립국악원박물관_3.jpg,국립국악원박물관_4.jpg
04636 서울시 중구 소월로 91,안중근의사기념관,https://korean.visitseoul.net/attractions/An-Jung-geun-Memorial-Hall/ENP004281?utm_source=seoulopendata&utm_medium=attractions&utm_content=ENP004281,4.0,"#기념관, # 독립운동가, # 회현역, # 역사, # 안중근, # 안중근의사기념관, # 전시, # 유적지, #명동, # 서울역",월월요일이 공휴일인 경우 개관하고 다음 날 휴관1월 1일설날당일추석당일,안중근의사기념관_1.jpg,안중근의사기념관_2.jpg,안중근의사기념관_3.jpg,안중근의사기념관_4.jpg
03189 서울시 종로구 종로54 (관철동) 포신각(보신각),보신각(상설타종행사),https://korean.visitseoul.net/attractions/bosingak-belfry-jp/JPP001904?utm_source=seoulopendata&utm_medium=attractions&utm_content=JPP001904,4.0,"# 종로, #종각역, #새해, #서울가볼만한곳, #보신각, #제야의종, # 타종행사, #서울여행, #서울보신각종, #서울새해여행, #서울역사적인곳, #종각역가볼만한곳, #광화문","월31절, 815광복절, 제야의 종 등 기념일타종행사혹한기, 혹서기",보신각(상설타종행사)_1.jpg,보신각(상설타종행사)_2.jpg,보신각(상설타종행사)_3.jpg,보신각(상설타종행사)_4.jpg
06984 서울시 동작구 현충로 210(동작동),국립서울현충원,https://korean.visitseoul.net/attractions/페이스디자인-구강악안면외과치과의원-/ENP001965?utm_source=seoulopendata&utm_medium=attractions&utm_content=ENP001965,4.5,"#서울단풍명소, #유적지, #현충일, #서울현충원, #서울가을단풍, #가을단풍, #국립서울현충원, #호국보훈의달, #현충원둘레길, #역사, #서울가볼만한곳, #현충원","11월 공휴일, 122월 토요일공휴일은 전시관 휴관",국립서울현충원_1.jpg,국립서울현충원_2.jpg,국립서울현충원_3.jpg,국립서울현충원_4.jpg
06087 서울시 강남구(강남구) 폰은살로531 (삼성동),봉은사,https://korean.visitseoul.net/attractions/奉恩寺/JPP000411?utm_source=seoulopendata&utm_medium=attractions&utm_content=JPP000411,4.5,"#코엑스, # 종교, # 연등행렬, # 불교, # 사찰, # 봉은사역, #템플스테이, # 강남, #봉은사",정보 없음,봉은사_1.jpg,봉은사_2.jpg,봉은사_3.jpg,봉은사_4.jpg
(우)04383 서울시 용산구 서병고로 137,국립중앙박물관,https://korean.visitseoul.net/attractions/國立中央博物館/TCP000433?utm_source=seoulopendata&utm_medium=attractions&utm_content=TCP000433,4.5,"#이촌역, #유물, # 어린이박물관, #관람, # 국립, # 용산구, #국립중앙, # 박물관, #시티투어버스, # 국립중앙박물관, # 역사","1월1일, 설날210, 추석917 2024년 기준상설전시실 정기휴실일  매년 4, 11월 첫째 월요일2024년 휴실일 41 월, 114 월기획전시실특별전시 종료시 휴실, 어린이박물관, 야외전시장은 정상 개관",국립중앙박물관_1.jpg,국립중앙박물관_2.jpg,국립중앙박물관_3.jpg,국립중앙박물관_4.jpg
04516 서울특별시 중구 정동길 2,정동길,https://korean.visitseoul.net/attractions/Jeongdong-gil/ENP000889?utm_source=seoulopendata&utm_medium=attractions&utm_content=ENP000889,4.0,"#서울골목여행, #정동길, #서울단풍구경, #서울걷기좋은곳, #정동길단풀, #주말산책, #덕수궁길, #정동길야경, #덕수궁돌담길, #서울산책, #서울문화거리",정보 없음,정동길_1.jpg,정동길_2.jpg,정동길_3.jpg,정동길_4.jpg
서울특별시 중구 서소문로 11길 19,배재학당역사박물관,https://korean.visitseoul.net/attractions/Appenzeller-Noble-Memorial-Museum/ENP006430?utm_source=seoulopendata&utm_medium=attractions&utm_content=ENP006430,4.0,"#학교, # 전시, # 역사, #배재학당역사박물관, #시청역, #배재학당, #박물관","일요일, 월요일공휴일",배재학당역사박물관_1.jpg,배재학당역사박물관_2.jpg,배재학당역사박물관_3.jpg,배재학당역사박물관_4.jpg
(우)03181 서울시 종로구 신문내로 29,경교장,https://korean.visitseoul.net/attractions/京橋莊/TCP001151?utm_source=seoulopendata&utm_medium=attractions&utm_content=TCP001151,4.5,"# 경교장, #종로구, # 역사, # 독립문역, # 광화문, # 서대문역, #임시정부청사, #유적지, # 백범김구",월요일1월 1일,경교장_1.jpg,경교장_2.jpg,경교장_3.jpg,경교장_4.jpg
136-100 서울시 성북구 아리랑로19길 116,정릉,https://korean.visitseoul.net/attractions/Jeongneung-A-Royal-Tomb1/ENP003459?utm_source=seoulopendata&utm_medium=attractions&utm_content=ENP003459,4.0,"# 산책로, # 성신여대입구역, # 역사, # 정릉, # 조선왕릉, # 신덕왕후, # 태조, #연산군묘, #유적지, # 이성계, #조선왕조",월,정릉_1.jpg,정릉_2.jpg,정릉_3.jpg,정릉_4.jpg
03087 서울시 종로구 통승길3 (동숭동) 알코 미술관,아르코 미술관,https://korean.visitseoul.net/attractions/arko-art-center-jp/JPP018992?utm_source=seoulopendata&utm_medium=attractions&utm_content=JPP018992,3.5,"#서울전시, # 미술관, # 대학로, # 동대문, # 아르코미술관, # 한국문화예술진흥원, # 전시, # 그림, #동숭동, #혜화역, #문화","월요일1월 1일설날, 추석 당일",아르코 미술관_1.jpg,아르코 미술관_2.jpg,아르코 미술관_3.jpg,아르코 미술관_4.jpg
03177 서울시 종로구 종남로55 (신문로2가),서울역사박물관,https://korean.visitseoul.net/attractions/the-seoul-museum-of-history-jp/JPP002722?utm_source=seoulopendata&utm_medium=attractions&utm_content=JPP002722,4.5,"# 문화체험, #경복궁역, # 터치뮤지엄, # 경희궁, # 역사, #서울역사박물관, # 전통, # 서대문역, # 광화문, #박물관, #유물, # 광화문역",월1월 1일,서울역사박물관_1.jpg,서울역사박물관_2.jpg,서울역사박물관_3.jpg,서울역사박물관_4.jpg
130-050 서울시 동대문구 경희대학교로 26,경희대학교 한의학역사박물관,https://korean.visitseoul.net/attractions/慶熙大學韓醫學歷史博物館/TCP006886?utm_source=seoulopendata&utm_medium=attractions&utm_content=TCP006886,5.0,"# 외대앞역, # 한의학역사박물관, #평화의전당, #한의학, # 전시, # 박물관, # 경희대학교, # 역사, #회기역",주말공휴일,경희대학교 한의학역사박물관_1.jpg,경희대학교 한의학역사박물관_2.jpg,경희대학교 한의학역사박물관_3.jpg,경희대학교 한의학역사박물관_4.jpg
03149 서울시 종로구 인사동길 33 2층,지대방,https://korean.visitseoul.net/attractions/Jidaebang-EN/ENP013751?utm_source=seoulopendata&utm_medium=attractions&utm_content=ENP013751,4.5,"#전통찻집, # 카페, # 전통차, # 인사동, # 쌈지길, # 종로, #오래가게",없음,지대방_1.jpg,지대방_2.jpg,지대방_3.jpg,지대방_4.jpg
"03072 서울시 종로구 종로구 99(와룡동, 창덕궁)",창덕궁,https://korean.visitseoul.net/attractions/changdeokgung-palace-jp/JPP000295?utm_source=seoulopendata&utm_medium=attractions&utm_content=JPP000295,4.5,"#창덕궁, #서울, #서울명소, #한국여행코스, #서울데이트코스, #고궁투어, #세계유산, #서울가볼만한곳, #서울한복투어, #서울필수여행지, #한국문화, #서울여행코스, #한국전통",월,창덕궁_1.jpg,창덕궁_2.jpg,창덕궁_3.jpg,창덕궁_4.jpg
(03062) 서울시 종로구 삼청로 30,국립현대미술관 서울관,https://korean.visitseoul.net/attractions/國立現代美術館首爾館/TCP011658?utm_source=seoulopendata&utm_medium=attractions&utm_content=TCP011658,4.5,"#복합문화예술센터, # 현대미술, #국립현대미술관, #안국역, #삼청동, # 전시, #소격동, #광화문, #미술관, #문화의거리","1월1일, 설날, 추석",국립현대미술관 서울관_1.jpg,국립현대미술관 서울관_2.jpg,국립현대미술관 서울관_3.jpg,국립현대미술관 서울관_4.jpg
03036 종로구 변대로 54,효자베이커리,https://korean.visitseoul.net/attractions/孝子面包店/CNP019657?utm_source=seoulopendata&utm_medium=attractions&utm_content=CNP019657,4.0,"#발효빵, # 베이글, #고로케, # 도넛, #오래가게, # 빵, # 빵집",월,효자베이커리_1.jpg,효자베이커리_2.jpg,효자베이커리_3.jpg,효자베이커리_4.jpg
03308 서울시 은평구 진관길 73,진관사,https://korean.visitseoul.net/attractions/Jinkwansa-Temple/ENP006251?utm_source=seoulopendata&utm_medium=attractions&utm_content=ENP006251,4.5,"#진관사, # 종교, #사찰, # 절, #고려, # 템플스테이, #불교, # 구파발역",정보 없음,진관사_1.jpg,진관사_2.jpg,진관사_3.jpg,진관사_4.jpg
"04528 서울시 중(중)구 세종대로40(승예문, 숭례문, 남대문)",숭례문(남대문),https://korean.visitseoul.net/attractions/sungnyemun-gate-namdaemun-gate-jp/JPP022888?utm_source=seoulopendata&utm_medium=attractions&utm_content=JPP022888,4.0,"#광화문, #숭례문, # 국보제1호, #서울사대문, #서울문화재, # 문화재, #국보, #한국문화재, #서울여행, #남대문, #서울볼거리, # 목조건물, #  회현역, # 서울관광",월,숭례문(남대문)_1.jpg,숭례문(남대문)_2.jpg,숭례문(남대문)_3.jpg,숭례문(남대문)_4.jpg
03144 서울시 종로구 우정국로 55,조계사,https://korean.visitseoul.net/attractions/Jogyesa-Temple/ENP002586?utm_source=seoulopendata&utm_medium=attractions&utm_content=ENP002586,4.5,"#절, #종교, #혜능대사, #목불좌상, #종로구조계사, #조계사, #서울템플스테이, #사찰, #유형문화재, #서울조계사",정보 없음,조계사_1.jpg,조계사_2.jpg,조계사_3.jpg,조계사_4.jpg
03053 서울시 종로구 북촌로5길 84,아라리오갤러리 서울,https://korean.visitseoul.net/attractions/ArarioGallery/ENP002388?utm_source=seoulopendata&utm_medium=attractions&utm_content=ENP002388,4.5,"#예술, #삼청동, #광화문, #갤러리, #종로, #북촌, #전시, #현대미술, #서울전시, #아라리오, #화랑, #미술, #문화, #아라리오갤러리",일,아라리오갤러리 서울_1.jpg,아라리오갤러리 서울_2.jpg,아라리오갤러리 서울_3.jpg,아라리오갤러리 서울_4.jpg
02566 서울시 동대문구 약령중앙로 26,서울약령시 한의약박물관,https://korean.visitseoul.net/attractions/Yangnyeongsi-Herb-Medicine-Museum/ENP004632?utm_source=seoulopendata&utm_medium=attractions&utm_content=ENP004632,4.5,"# 한약, # 한의약, # 전통, # 박물관, #한의약박물관, # 제기동역, # 동의보감타워, # 전시, # 동대문, #한방문화쉼터, #용두역, #한방체험, #용두동",월요일 월요일이 공휴일인 경우에는 그 다음날을 휴관일로 함1월 1일설날추석,서울약령시 한의약박물관_1.jpg,서울약령시 한의약박물관_2.jpg,서울약령시 한의약박물관_3.jpg,서울약령시 한의약박물관_4.jpg
서울시 중구 통일로 1 (04509),문화역서울 284,https://korean.visitseoul.net/attractions/文化站首爾284/TCP000450?utm_source=seoulopendata&utm_medium=attractions&utm_content=TCP000450,4.0,"#유적지, # 기차역, # 광화문, # 미술관, #문화역서울, # 서울역전시회, # 서울역, #문화역서울284, #역사, #전시, # 284, # 구서울역",정보 없음,문화역서울 284_1.jpg,문화역서울 284_2.jpg,문화역서울 284_3.jpg,문화역서울 284_4.jpg
03062 서울시 종로구 율곡로3길 87,아트선재센터,https://korean.visitseoul.net/attractions/Art-Sonje-Center/ENP002405?utm_source=seoulopendata&utm_medium=attractions&utm_content=ENP002405,4.0,"#독립영화, # 단편영화, # 씨네코드, #안국역, #미술관, #관광지, #음악회, # 아트선재센터, #행위예술, # 현대미술, # 박물관, # 전시, #광화문","월요일1월 1일설날, 추석 연휴",아트선재센터_1.jpg,아트선재센터_2.jpg,아트선재센터_3.jpg,아트선재센터_4.jpg
03135 서울시 종로구 종로 157,종묘,https://korean.visitseoul.net/attractions/Jongmyo/ENP000507?utm_source=seoulopendata&utm_medium=attractions&utm_content=ENP000507,4.0,"#종로3가역, #유네스코세계문화유산, #종묘제례, # 광화문, #창덕궁, # 창경궁, #종묘사직, # 종묘",화,종묘_1.jpg,종묘_2.jpg,종묘_3.jpg,종묘_4.jpg
서울시 서초(서초)구 판포데로 201 (반포동) 국립중앙도서관,국립중앙도서관,https://korean.visitseoul.net/attractions/The-National-Library-of-Korea-JP/JPP011010?utm_source=seoulopendata&utm_medium=attractions&utm_content=JPP011010,4.5,"#디지털도서관, # 반포동, # 고속버스터미널역, #문화, #서초역, # 도서관, # 강남, #서초공원, # 지적문화유산, # 국립중앙도서관"," 정기 휴관 매월 둘째넷째 월요일 일요일을 제외한 관광서의 공휴일 설 연휴와 추석 연휴 기간 중의 일요일은 휴관, 야관도서관은 토, 일 휴무 기타 관장이 필요하다고 인정하는 날",국립중앙도서관_1.jpg,국립중앙도서관_2.jpg,국립중앙도서관_3.jpg,국립중앙도서관_4.jpg
03056 서울시 종로구 북촌로 52,가회민화박물관,https://korean.visitseoul.net/attractions/Gahoe-Museum-EN/ENP018912?utm_source=seoulopendata&utm_medium=attractions&utm_content=ENP018912,4.5,"# 부적관계, #안국역, # 가회민화박물관, #북촌, # 전시, # 전통, # 북촌한옥마을, #민화, # 가회동, # 민속품, # 박물관, #민화박물관, # 광화문",월,가회민화박물관_1.jpg,가회민화박물관_2.jpg,가회민화박물관_3.jpg,가회민화박물관_4.jpg
(우)03177 서울시 종로구 신문내로 45,경희궁,https://korean.visitseoul.net/attractions/慶熙宮/TCP001159?utm_source=seoulopendata&utm_medium=attractions&utm_content=TCP001159,4.0,"#종로산책, #걷기좋은길, #서울역사박물관, #경희궁산책길, #종로데이트코스, #고궁데이트, #서울고궁, #종로산책길, #서울산책, #고궁투어, #서울궁, #경희궁, #한국궁궐, #서울5대궁궐, #서울가볼만한곳","월요일, 1월 1일",경희궁_1.jpg,경희궁_2.jpg,경희궁_3.jpg,경희궁_4.jpg
110-523 서울시 종로구 성균관로 25-1,성균관 명륜당,https://korean.visitseoul.net/attractions/成均館明倫堂-성균관명륜당/TCP003176?utm_source=seoulopendata&utm_medium=attractions&utm_content=TCP003176,4.0,"#명륜당, # 성균관대학교, # 혜화역, # 명륜당은행나무, # 유적지, #인문사회과학캠퍼스, #성균관명륜당, #역사",정보 없음,성균관 명륜당_1.jpg,성균관 명륜당_2.jpg,성균관 명륜당_3.jpg,성균관 명륜당_4.jpg
100-794 서울특별시 중구 남대문로 39 (한국은행 빌딩),한국은행화폐박물관,https://korean.visitseoul.net/attractions/Bank-of-Korea-Money-Museum/ENP002730?utm_source=seoulopendata&utm_medium=attractions&utm_content=ENP002730,4.0,"#한국은행, #세계화페, #명동, #아이들과가볼만한곳, #서울어린이체험, #한국은행화폐박물관, #전시, #서울전시회, #서울박물관, #박물관, #화폐박물관, #서울가볼만한곳","월요일, 설추석 연휴, 12월 29일  1월 2일, 근로자의 날, 선거일",한국은행화폐박물관_1.jpg,한국은행화폐박물관_2.jpg,한국은행화폐박물관_3.jpg,한국은행화폐박물관_4.jpg
100-120 서울시 중구 세종대로 99,국립현대미술관 덕수궁관,https://korean.visitseoul.net/attractions/國立現代美術館─德壽宮館/TCP001707?utm_source=seoulopendata&utm_medium=attractions&utm_content=TCP001707,4.0,"#현대미술, #예술, # 덕수궁돌담길, # 미술관, # 국립현대미술관, # 정동길, # 서울광장, # 문화, # 전시, #대한문, # 덕수궁미술관, # 덕수궁관, # 관광지",월,국립현대미술관 덕수궁관_1.jpg,국립현대미술관 덕수궁관_2.jpg,국립현대미술관 덕수궁관_3.jpg,국립현대미술관 덕수궁관_4.jpg
05540 서울시 송파구 오림픽로 424 (방옥동),몽촌역사관,https://korean.visitseoul.net/attractions/mongchon-museum-of-history-jp/JPP005507?utm_source=seoulopendata&utm_medium=attractions&utm_content=JPP005507,4.5,"#백제박물관, #움집터전시관, #유물, # 몽촌역사관, # 역사, # 꿈나무영화마당, # 몽촌토성역, # 잠실, #올림픽공원역, # 박물관",월1월 1일,몽촌역사관_1.jpg,몽촌역사관_2.jpg,몽촌역사관_3.jpg,몽촌역사관_4.jpg
04501 서울특별시 중구 송기정로 101,손기정기념관,https://korean.visitseoul.net/attractions/Son-Kee-Chung-Memorial-Hall/ENP006995?utm_source=seoulopendata&utm_medium=attractions&utm_content=ENP006995,4.0,"# 이승만, # 서울역, # 손기정체육공원, #충정로역, #기념관, # 일제강점기, #마라톤, # 베를린올림픽, # 만리동, # 금메달, # 손기정, # 박물관, #김구, # 손기정기념관","월 단 월요일이 공휴일인 경우 그 다음날, 1월 1일, 설날, 추석, 기타 별도로 정하는 휴관일",손기정기념관_1.jpg,손기정기념관_2.jpg,손기정기념관_3.jpg,손기정기념관_4.jpg
서울시 종로구 세종대로 172,광화문광장,https://korean.visitseoul.net/attractions/光化門廣場-광화문광장/TCP001899?utm_source=seoulopendata&utm_medium=attractions&utm_content=TCP001899,4.0,"#광화문광장, # 경복궁, # 청계천, # 세종대왕, # 이순신, #도시 문화 광장, #세종문화회관, #광화문",연중무휴,광화문광장_1.jpg,광화문광장_2.jpg,광화문광장_3.jpg,광화문광장_4.jpg
110-848 서울시 종로구 평창32길 30,김종영 미술관,https://korean.visitseoul.net/attractions/Kim-Chong-Yung-Museum/ENP002066?utm_source=seoulopendata&utm_medium=attractions&utm_content=ENP002066,5.0,"#현대조각, #김종영, #전시, # 경복궁역, # 갤러리, #김종영미술관, # 광화문역, # 평창동, # 문화, # 길음역, # 미술관",월,김종영 미술관_1.jpg,김종영 미술관_2.jpg,김종영 미술관_3.jpg,김종영 미술관_4.jpg
06182 서울시 강남구 영동대로 421,송은(SONGEUN),https://korean.visitseoul.net/attractions/Songeun-Art-Cube/ENP003778?utm_source=seoulopendata&utm_medium=attractions&utm_content=ENP003778,5.0,"#미술, # 압구정로데오역, #청담동, #전시, # 미술관, # 예술, # 강남, #송은, # 송은 문화재단",일요일공휴일전시별 관람시간 확인요망,송은(SONGEUN)_1.jpg,송은(SONGEUN)_2.jpg,송은(SONGEUN)_3.jpg,송은(SONGEUN)_4.jpg
03141 서울시 종로구 세종대로 198,대한민국역사박물관,https://korean.visitseoul.net/attractions/Museum-of-Contemporary-History/ENP006667?utm_source=seoulopendata&utm_medium=attractions&utm_content=ENP006667,4.0,"#박물관, # 전망대, # 대한민국역사박물관, # 광화문, #야경, #경복궁역, #역사체험학습, # 전시, # 광화문역, #종각역, # 역사박물관, #독립선언서",1월 1일설날추석 휴관,대한민국역사박물관_1.jpg,대한민국역사박물관_2.jpg,대한민국역사박물관_3.jpg,대한민국역사박물관_4.jpg
"03045 12, Hyoja-ro, Jongno-gu, Seoul",국립고궁박물관,https://korean.visitseoul.net/attractions/National-Palace-Museum-of-Korea/ENP020550?utm_source=seoulopendata&utm_medium=attractions&utm_content=ENP020550,4.0,"#왕실문화, # 문화재, # 박물관, #전시, # 역사, # 경복궁역, # 서울관광, # 유물, #국립고궁박물관, # 관광지","1월 1일설날, 추석 당일",국립고궁박물관_1.jpg,국립고궁박물관_2.jpg,국립고궁박물관_3.jpg,국립고궁박물관_4.jpg
04405 서울시 용산구 우사단로10길 39,서울중앙성원,https://korean.visitseoul.net/attractions/Seoul-Central-Mosque/ENP004863?utm_source=seoulopendata&utm_medium=attractions&utm_content=ENP004863,4.5,"#한국이슬람교중앙회, # 이슬람교, #이태원역, #이슬람서울성원, # 우사단길, #한국이슬람교, # 관광지, # 이슬람서울중앙성원, # 성지, # 사원",정보 없음,서울중앙성원_1.jpg,서울중앙성원_2.jpg,서울중앙성원_3.jpg,서울중앙성원_4.jpg
03119 서울시 종로구 종로 288,흥인지문(동대문),https://korean.visitseoul.net/attractions/（株）ASTUTR/CNP001999?utm_source=seoulopendata&utm_medium=attractions&utm_content=CNP001999,4.0,"#서울동대문볼거리, #서울문화재, #성곽, #동대문명소, #서울여행, #동대문야시장, # 동대문, #서울사대문, # 역사, # 문화재, #서울명소, #서울데이트, #흥인지문",정보 없음,흥인지문(동대문)_1.jpg,흥인지문(동대문)_2.jpg,흥인지문(동대문)_3.jpg,흥인지문(동대문)_4.jpg
06500 서울시 서초구 반포동,반포대교 달빛무지개분수,https://korean.visitseoul.net/attractions/Banpodaegyo-Bridge-Moonlight-Rainbow-Fountain/ENP002220?utm_source=seoulopendata&utm_medium=attractions&utm_content=ENP002220,3.5,"# 야경, # 반포대교, # 달빛무지개분수, #잠수교, # 세빛섬, #서빙고역, # 음악분수, # 한강, # 분수, # 반포, #반포한강공원",정보 없음,반포대교 달빛무지개분수_1.jpg,반포대교 달빛무지개분수_2.jpg,반포대교 달빛무지개분수_3.jpg,반포대교 달빛무지개분수_4.jpg
100-200 서울시 종로구 삼청로 54,국제갤러리,https://korean.visitseoul.net/attractions/Kukje-Gallery/ENP003241?utm_source=seoulopendata&utm_medium=attractions&utm_content=ENP003241,4.5,"# 전시, # 갤러리, # 작가발굴, # 국제갤러리, # 광화문역, #문화, # 안국역, # 더레스토랑, #광화문, # 현대미술, # 미술관, #경복궁역",정보 없음,국제갤러리_1.jpg,국제갤러리_2.jpg,국제갤러리_3.jpg,국제갤러리_4.jpg
02447 서울시 동대문구 경희대로1나길 56-3,경희대학교 중앙박물관,https://korean.visitseoul.net/attractions/Central-Museum-of-Kyunghee-University/ENP006924?utm_source=seoulopendata&utm_medium=attractions&utm_content=ENP006924,4.5,"#회기역, #중앙도서관, # 주먹도끼, # 전시, # 경희대, # 유물, # 경희대학교중앙박물관, #역사, #빗살무늬토기, #경희대학교, # 박물관",주말공휴일,경희대학교 중앙박물관_1.jpg,경희대학교 중앙박물관_2.jpg,경희대학교 중앙박물관_3.jpg,경희대학교 중앙박물관_4.jpg
02447 서울시 동대문구 경희대로 26,경희대학교 자연사박물관,https://korean.visitseoul.net/attractions/KyungheeUniversityHistoryMuseum/ENP006957?utm_source=seoulopendata&utm_medium=attractions&utm_content=ENP006957,4.0,"# 경희대자연사박물관, #퇴작암, #자연사박물관, # 전시, #외대앞역, # 박물관, # 유럽산암석, #경희대학교, # 경희대, #회기역, #화성암, #유물","주말, 공휴일",경희대학교 자연사박물관_1.jpg,경희대학교 자연사박물관_2.jpg,경희대학교 자연사박물관_3.jpg,경희대학교 자연사박물관_4.jpg
03162 서울시 종로구 인사동길 11-19,아름다운 차박물관,https://korean.visitseoul.net/attractions/Beautiful-Tea-Museum/ENP004467?utm_source=seoulopendata&utm_medium=attractions&utm_content=ENP004467,4.0,"#안국역, # 퓨전차, # 종각역, # 도자기, # 문화, #광화문, # 종로3가역, # 광광지, # 전통, # 차박물관, #박물관",연중무휴,아름다운 차박물관_1.jpg,아름다운 차박물관_2.jpg,아름다운 차박물관_3.jpg,아름다운 차박물관_4.jpg
03139 서울시 종로구 돈화문로9길 27 (춘원당 한의약박물관),춘원당 한의약박물관,https://korean.visitseoul.net/attractions/春源堂韓方博物館/TCP002637?utm_source=seoulopendata&utm_medium=attractions&utm_content=TCP002637,4.0,"#한방병원, # 춘원당, # 한방박물관, #전시, # 춘원당한방박물관, #종로3가역, #탕제실, # 한방, # 박물관, #광화문","일, 법정공휴일",춘원당 한의약박물관_1.jpg,춘원당 한의약박물관_2.jpg,춘원당 한의약박물관_3.jpg,춘원당 한의약박물관_4.jpg
03020 서울시 종로구 창의문로 118,백악(북악)산 (서울 한양도성),https://korean.visitseoul.net/attractions/北岳山북악산/CNP003796?utm_source=seoulopendata&utm_medium=attractions&utm_content=CNP003796,4.5,"#백악산, #서울한양도성, #북악산, #북악산한양도성, #성북동, #산, # 경복궁역, #자연, #광화문",정보 없음,백악(북악)산 (서울 한양도성)_1.jpg,백악(북악)산 (서울 한양도성)_2.jpg,백악(북악)산 (서울 한양도성)_3.jpg,백악(북악)산 (서울 한양도성)_4.jpg
03146 ????서울특별시 종로구 인사동10길 11-4,경인미술관,https://korean.visitseoul.net/attractions/Kyung-In-Museum-of-Fine-Art/ENP002011?utm_source=seoulopendata&utm_medium=attractions&utm_content=ENP002011,4.5,"#인사동오래가게, # 미술관, # 경인미술관, # 전시회, # 문화, # 전시회, # 문화, # 인사동, #오래가게, # 미술관, # 경인미술관","신정, 구정, 추석 휴관",경인미술관_1.jpg,경인미술관_2.jpg,경인미술관_3.jpg,경인미술관_4.jpg
03187 서울시 종로구 종종로 152 (세종로),일민미술관,https://korean.visitseoul.net/attractions/ilmin-museum-of-art-jp/JPP002251?utm_source=seoulopendata&utm_medium=attractions&utm_content=JPP002251,4.0,"#미술관, # 문화, # 신문박물관, # 카페이마, # 전시, # 일민문화재단, # 예술, #광화문역, # 광화문이마, # 광화문, # 일민미술관, # 일민김상만",월,일민미술관_1.jpg,일민미술관_2.jpg,일민미술관_3.jpg,일민미술관_4.jpg
03052 서울시 종로구 북촌로11길 76,북촌동양문화박물관,https://korean.visitseoul.net/attractions/Bukchon-Asian-Cultural-Art-Museum/ENP005667?utm_source=seoulopendata&utm_medium=attractions&utm_content=ENP005667,4.0,"#역사, # 문화, #  박물관, #  광화문, #북촌한옥마을, #전시, #북촌동양문화박물관, #  동양문화, # 안국역",월,북촌동양문화박물관_1.jpg,북촌동양문화박물관_2.jpg,북촌동양문화박물관_3.jpg,북촌동양문화박물관_4.jpg
서울시 서대문(서대문구) 용희로 32길 51 (연희동),서대문자연사박물관,https://korean.visitseoul.net/attractions/seodaemun-museum-of-natural-history-jp/JPP002613?utm_source=seoulopendata&utm_medium=attractions&utm_content=JPP002613,4.5,"#신촌역, # 역사, # 지구환경, # 자연사박물관, # 박물관, # 홍대, # 광화문, #연희동, # 서대문자연사박물관, #자연사도서관, # 화산폭발","월요일월요일이 공휴일이면 다음날 휴관1월 1일설날, 추석 당일",서대문자연사박물관_1.jpg,서대문자연사박물관_2.jpg,서대문자연사박물관_3.jpg,서대문자연사박물관_4.jpg
04612 서울특별시 중구 퇴계로 350,광희문,https://korean.visitseoul.net/attractions/Gwanghuimun-Gate/ENP023605?utm_source=seoulopendata&utm_medium=attractions&utm_content=ENP023605,4.0,"#4소문, # 동대문, # 동대문역사문화공원역, #광희문, # 서소문, #서울4소문, # 도성",연중무휴,광희문_1.jpg,광희문_2.jpg,광희문_3.jpg,광희문_4.jpg
06164 서울시 강남구 영동대로 513,별마당 도서관,https://korean.visitseoul.net/attractions/Starfield-Library/ENP026558?utm_source=seoulopendata&utm_medium=attractions&utm_content=ENP026558,4.5,"#별마당도서관, #별마당, #독서, # 코엑스, #삼성동, # 강남, #도서관, # 문화, #북콘서트",연중무휴,별마당 도서관_1.jpg,별마당 도서관_2.jpg,별마당 도서관_3.jpg,별마당 도서관_4.jpg
서울시 종로구 삼청로99 110-260,삼청동 골목길,https://korean.visitseoul.net/attractions/Sulwhasoo-Balance-Spa/CNP002121?utm_source=seoulopendata&utm_medium=attractions&utm_content=CNP002121,4.5,"#경복궁돌담길, # 골목길, # 삼청동, #문화공간, # 종로, # 광화문, # 북촌, #갤러리, # 카페, #가회동, # 예술가, # 안국역",정보 없음,삼청동 골목길_1.jpg,삼청동 골목길_2.jpg,삼청동 골목길_3.jpg,삼청동 골목길_4.jpg
(04353) 서울시 용산구 이태원로 29,전쟁기념관,https://korean.visitseoul.net/attractions/戰爭紀念館/TCP000859?utm_source=seoulopendata&utm_medium=attractions&utm_content=TCP000859,4.5,"#서울박물관추천, #서울아이들과함께, #서울가볼만한곳추천, #전쟁기념관어린이박물관, #서울전쟁사박물관, #전쟁기념관, #용산어린이박물관, #용산전쟁기념관, #서울아이들데리고갈만한곳, #6.25전쟁",월요일 월요일이 포함된 연휴에는 연휴 마지막 다음날 휴관,전쟁기념관_1.jpg,전쟁기념관_2.jpg,전쟁기념관_3.jpg,전쟁기념관_4.jpg
07522 서울시 강서구구 양천로 47길 36 (가양동) 경재 겸재 정성 미술관,겸재정선미술관,https://korean.visitseoul.net/attractions/gyeomjae-jeongseon-art-museum-jp/JPP001961?utm_source=seoulopendata&utm_medium=attractions&utm_content=JPP001961,4.5,"#정선, #양천향교역, # 겸재성선미술관, # 영화감상회, #문화, # 서울식물원화가정선, # 전시, # 가양동, # 미술관","월요일1월 1일설날, 추석 당일",겸재정선미술관_1.jpg,겸재정선미술관_2.jpg,겸재정선미술관_3.jpg,겸재정선미술관_4.jpg
03154 서울시 종로구 세종대로 172,광화문광장 야경,https://korean.visitseoul.net/attractions/GwanghwamunSquareatNight/ENP016319?utm_source=seoulopendata&utm_medium=attractions&utm_content=ENP016319,4.0,"#이순신, # 청계천, #광화문, #광화문광장, #역사, # 문화, # 세종대왕, #야경, # 광장",연중무휴,광화문광장 야경_1.jpg,광화문광장 야경_2.jpg,광화문광장 야경_3.jpg,광화문광장 야경_4.jpg
04348 서울시 용산구 이태원로55길 60-16,리움 미술관,https://korean.visitseoul.net/attractions/Leeum-Samsung-Museum-of-Art/ENP001232?utm_source=seoulopendata&utm_medium=attractions&utm_content=ENP001232,4.5,"#리움미술관, #문화, #삼성리움, #예술체험, #미술관, #삼성미술관리움, #한강진역, #한남동, #갤러리, #한남동미술관, #이태원",월요일1월 1일설 연휴추석 연휴,리움 미술관_1.jpg,리움 미술관_2.jpg,리움 미술관_3.jpg,리움 미술관_4.jpg
(우)03004 서울시 종로구 평창32길 8,토탈미술관,https://korean.visitseoul.net/attractions/TOTAL美術館/TCP003085?utm_source=seoulopendata&utm_medium=attractions&utm_content=TCP003085,4.5,"#경복궁역, #야외공연장, #아트숍, # 전시, # 음악회, # 길음역, #평창동, # 미술관, # 예술, # 김종영갤러리, # 토탈미술관, # 가나아트센터",월공휴일전시준비기간 휴관,토탈미술관_1.jpg,토탈미술관_2.jpg,토탈미술관_3.jpg,토탈미술관_4.jpg
04617 서울시 중구 동호로24길 7,태극당,https://korean.visitseoul.net/attractions/Taegeukdang/ENP026194?utm_source=seoulopendata&utm_medium=attractions&utm_content=ENP026194,4.0,"#오래가게, # 제과점, # 빵, # 옛날빵, # 장충동, # 동국대",없음,태극당_1.jpg,태극당_2.jpg,태극당_3.jpg,태극당_4.jpg
03045 서울시 종로구 사직로 161,경복궁,https://korean.visitseoul.net/attractions/Gyeongbokgung/ENP000072?utm_source=seoulopendata&utm_medium=attractions&utm_content=ENP000072,4.5,"#서울나들이, #서울볼거리, #한국전통, #한국문화, #서울관광지, #서울궁궐, #경복궁, #경복궁입장료, #서울명소, #서울가볼만한곳, #서울여행, #서울데이트, #한국역사적명소",화,경복궁_1.jpg,경복궁_2.jpg,경복궁_3.jpg,경복궁_4.jpg
03098 서울시 종로구(종로)구 유르고크로283 (종로6가),서울 한양도성,https://korean.visitseoul.net/attractions/seoul-city-wall-jp/JPP000090?utm_source=seoulopendata&utm_medium=attractions&utm_content=JPP000090,4.5,"#4소문, #낙산공원, # 남산, #성곽, # 한성대입구역, # 인왕산, # 한양도성, # 4대문, #동대문",정보 없음,서울 한양도성_1.jpg,서울 한양도성_2.jpg,서울 한양도성_3.jpg,서울 한양도성_4.jpg
05554 서울시 송파구 올림픽로 240,롯데월드 민속박물관,https://korean.visitseoul.net/attractions/Lotte-World-Folk-Museum/ENP005815?utm_source=seoulopendata&utm_medium=attractions&utm_content=ENP005815,4.5,"# 어린이박물관, # 전통음식, #롯데월드민속박물관, #잠실, # 전통공예품, #박물관, # 잠실역, # 전시, # 궁중의례, # 민속식당가, #전통",정보 없음,롯데월드 민속박물관_1.jpg,롯데월드 민속박물관_2.jpg,롯데월드 민속박물관_3.jpg,롯데월드 민속박물관_4.jpg
01443 다오펑구 다오펑로 483호,함스브로트과자점,https://korean.visitseoul.net/attractions/百年老店-HAMs-BROT/TCP042375?utm_source=seoulopendata&utm_medium=attractions&utm_content=TCP042375,5.0,"# 빵, #케이크, # 명장, # 꽃다발케이크, # 빵지순례, # 쌍문역, #오래가게, # 제과",없음,함스브로트과자점_1.jpg,함스브로트과자점_2.jpg,함스브로트과자점_3.jpg,함스브로트과자점_4.jpg
03072 서울시 종로구 창경궁로 185,창경궁,https://korean.visitseoul.net/attractions/Changgyeonggung-Palace/ENP000297?utm_source=seoulopendata&utm_medium=attractions&utm_content=ENP000297,4.5,"#서울밤산책, #서울가볼만한곳, #서울여행코스, #한국궁궐, #한국전통문화, #서울야간데이트, #서울볼거리, #서울데이트코스, #한국역사적명소, #궁궐야행, #창경궁, #서울야경, #전통, #서울궁궐",월,창경궁_1.jpg,창경궁_2.jpg,창경궁_3.jpg,창경궁_4.jpg
03020 서울시 종로구 창의문로 118,창의문,https://korean.visitseoul.net/attractions/Changuimun-Gate/ENP003266?utm_source=seoulopendata&utm_medium=attractions&utm_content=ENP003266,4.0,"#자하문, # 경복궁역, #유적지, # 북문, # 한양도성, # 북악산, # 성곽길, # 성곽, # 광화문, # 창의문",정보 없음,창의문_1.jpg,창의문_2.jpg,창의문_3.jpg,창의문_4.jpg
04704 서울특별시 성동구 청계천로 530,청계천박물관,https://korean.visitseoul.net/attractions/Cheonggyecheon-Museum/ENP004693?utm_source=seoulopendata&utm_medium=attractions&utm_content=ENP004693,4.5,"#청계천, # 청계천문화관, # 청계천박물관, #두물다리, # 생태, #전시관, #역사, # 제기동역",월요일1월 1일,청계천박물관_1.jpg,청계천박물관_2.jpg,청계천박물관_3.jpg,청계천박물관_4.jpg
05551 서울특별시 송파구 올림픽로 300(신천동),롯데월드타워,https://korean.visitseoul.net/attractions/Lotte-World-Tower/ENP021278?utm_source=seoulopendata&utm_medium=attractions&utm_content=ENP021278,4.5,"#전망대, #서울스카이, #잠실, # 롯데월드, #롯데월드타워, #백화점, # 면세점, #아쿠아리움",연중무휴,롯데월드타워_1.jpg,롯데월드타워_2.jpg,롯데월드타워_3.jpg,롯데월드타워_4.jpg
"06757 2406, Nambusunhwan-ro, Seocho-gu, Seoul",예술의 전당 한가람미술관,https://korean.visitseoul.net/attractions/Hangaram-Art-Museum/ENP004325?utm_source=seoulopendata&utm_medium=attractions&utm_content=ENP004325,4.5,"#전시, # 문화, # 미술전시회, # 혼자전시회, #미술관, #남부터미널역, # 예술, # 한가람미술관, # 예술의전당전시, # 예술의전당",월,예술의 전당 한가람미술관_1.jpg,예술의 전당 한가람미술관_2.jpg,예술의 전당 한가람미술관_3.jpg,예술의 전당 한가람미술관_4.jpg
02836 서울특별시 성북구 성북로 4-10,한상수자수박물관,https://korean.visitseoul.net/attractions/Hansangoo-Embroidery-Museum/ENP003357?utm_source=seoulopendata&utm_medium=attractions&utm_content=ENP003357,4.5,"#전통문화, # 전시, # 체험, # 무형문화재, # 성북동, #오래가게, # 한국자수",월,한상수자수박물관_1.jpg,한상수자수박물관_2.jpg,한상수자수박물관_3.jpg,한상수자수박물관_4.jpg
03048 서울시 종로구 청와대로 1,청와대,https://korean.visitseoul.net/attractions/Cheongwadae/ENP005538?utm_source=seoulopendata&utm_medium=attractions&utm_content=ENP005538,4.0,"#청와대주소, #청와대대통령, #서울종로구, #대통령, #종로가볼만한곳, #관저, #서울여행명소, #대한민국대통령관저, #청와대관람, #청와대위치, #대통령집무실, #청와대지도, #청와대, #사랑채","화요일에는 개방하지 않습니다 다만 화요일이 공휴일 또는 대체공휴일과 겹치는 경우에는 화요일은 정상 개방되며, 그 다음날이 휴관일이 된다",청와대_1.jpg,청와대_2.jpg,청와대_3.jpg,청와대_4.jpg
03149 서울시 종로구 인사동길 35-4 (관훈동),뮤지엄김치간,https://korean.visitseoul.net/attractions/MUSEUM-KIMCHIKAN-JP/JPP019924?utm_source=seoulopendata&utm_medium=attractions&utm_content=JPP019924,4.0,"# 김치만들기, #김치박물관, #뮤지엄김치간, #김치, #종각역, # 광화문, # 김치전시, # 박물관, # 안국역, #김치체험관","월요일1월 1일설날, 추석 연휴크리스마스",뮤지엄김치간_1.jpg,뮤지엄김치간_2.jpg,뮤지엄김치간_3.jpg,뮤지엄김치간_4.jpg
04626 서울시 중(구)구 게로34길 28 남산콜(남산골) 한옥마을,남산골 한옥마을,https://korean.visitseoul.net/attractions/namsangol-hanok-village-jp-1/JPP000276?utm_source=seoulopendata&utm_medium=attractions&utm_content=JPP000276,4.0,"#남산골한옥마을, #서울핫플레이스, #서울여행, #서울사진명소, #서울남산, #남산공원, #서울데이트코스, #국내한옥마을추천, #서울전통명소, #서울아이와나들이, #남산둘레길",월,남산골 한옥마을_1.jpg,남산골 한옥마을_2.jpg,남산골 한옥마을_3.jpg,남산골 한옥마을_4.jpg
137-130 서울시 서초구 매현로 99,윤봉길 의사 기념관,https://korean.visitseoul.net/attractions/梅軒尹奉吉紀念館/TCP003759?utm_source=seoulopendata&utm_medium=attractions&utm_content=TCP003759,3.5,"#윤봉길, # 강남, #독립운동가, # 전시관, #윤봉길의사기념관, # 양재시민의숲, # 양재역"," 월요일 월요일이 공휴일인 경우 개관, 다음 날 휴관 1월 1일 설날, 추석 연휴",윤봉길 의사 기념관_1.jpg,윤봉길 의사 기념관_2.jpg,윤봉길 의사 기념관_3.jpg,윤봉길 의사 기념관_4.jpg
02879 서울특별시 성북구 성북로29길 24,만해한용운 심우장,https://korean.visitseoul.net/attractions/Manhae-Han-Yong-Un-Simujang/ENP001399?utm_source=seoulopendata&utm_medium=attractions&utm_content=ENP001399,4.0,"#역사유적, # 한용운, # 심우장, # 만해한용운, #성북동, # 한성대입구역, #유적지",연중무휴,만해한용운 심우장_1.jpg,만해한용운 심우장_2.jpg,만해한용운 심우장_3.jpg,만해한용운 심우장_4.jpg
03045 서울시 종로구 삼청로 37,국립어린이민속박물관,https://korean.visitseoul.net/attractions/Childrens-Folk-Museum/ENP005130?utm_source=seoulopendata&utm_medium=attractions&utm_content=ENP005130,4.0,"#박물관, #밥상지교, # 국립어린이민속박물관, # 안국역, # 광화문, # 전통문화, # 추억의거리, # 국립민속박물관, #역사, #어린이박물관","1월 1일설, 추석",국립어린이민속박물관_1.jpg,국립어린이민속박물관_2.jpg,국립어린이민속박물관_3.jpg,국립어린이민속박물관_4.jpg
06021 서울시 강남구 도산대로 317,호림박물관 (신사분관),https://korean.visitseoul.net/attractions/湖林博物館新沙分館/TCP005546?utm_source=seoulopendata&utm_medium=attractions&utm_content=TCP005546,5.0,"#강남구청역, #신사역, # 호림박물관신사분관, # 전시, # 현대미술, # 호림박물관, # 압구정로데오역, #강남, # 고미술, # 박물관, #신사동","매주 월, 일1월 1일설날, 추석 연휴",호림박물관 (신사분관)_1.jpg,호림박물관 (신사분관)_2.jpg,호림박물관 (신사분관)_3.jpg,호림박물관 (신사분관)_4.jpg
04516 서울특별시 중구 정동길 46,정동제일교회,https://korean.visitseoul.net/attractions/Chungdong-First-Methodist-Church/ENP002132?utm_source=seoulopendata&utm_medium=attractions&utm_content=ENP002132,4.0,"#정동제일교회, #성지, #한국최초교회, #종교, #정동교회, #교회",만,정동제일교회_1.jpg,정동제일교회_2.jpg,정동제일교회_3.jpg,정동제일교회_4.jpg
03027 서울시 종로구 사직로9길 5,사직단,https://korean.visitseoul.net/attractions/Sajikdan-Sajik-Altar/ENP001824?utm_source=seoulopendata&utm_medium=attractions&utm_content=ENP001824,4.0,"#역사, # 제사, # 어린이도서관, # 경복궁, #문화, # 사직공원, # 사직대제, # 사직단, # 경복궁역, # 유적지",정보 없음,사직단_1.jpg,사직단_2.jpg,사직단_3.jpg,사직단_4.jpg
"110-360 71, Donhwamun-ro, Jongno-gu, Seoul",떡박물관,https://korean.visitseoul.net/attractions/-락고재-컬쳐-라운지/ENP002037?utm_source=seoulopendata&utm_medium=attractions&utm_content=ENP002037,3.5,"#떡만들기체험, # 떡박물관, # 박물관, # 종로3가역, # 체험관, # 전통식문화체험, # 전통음식, # 전통, # 한국전통음식연구소, # 전통체험, # 떡카페","일요일설, 추석 당일",떡박물관_1.jpg,떡박물관_2.jpg,떡박물관_3.jpg,떡박물관_4.jpg
110-061 서울시 종로구 종삼로18,금호미술관,https://korean.visitseoul.net/attractions/錦湖美術館/JPP003100?utm_source=seoulopendata&utm_medium=attractions&utm_content=JPP003100,4.5,"# 미술관, #금호미술관, # 광화문역, # 예술, # 안국역, # 광화문, #전시, # 문화, # 경복궁, #경복궁역, #금호아카데미, # 금호갤러리콘서트",월,금호미술관_1.jpg,금호미술관_2.jpg,금호미술관_3.jpg,금호미술관_4.jpg
03134 서울시 종로구 율곡로10길 87,대각사,https://korean.visitseoul.net/attractions/Daegaksa-Temple/ENP005015?utm_source=seoulopendata&utm_medium=attractions&utm_content=ENP005015,4.0,"# 서울사찰, #창덕궁, # 대각사, # 종교, # 사찰, #종로 3가역, # 종로사찰, # 대각회, # 용성스님, #절, #  불교",연중무휴,대각사_1.jpg,대각사_2.jpg,대각사_3.jpg,대각사_4.jpg
"03133 17, Donhwamun-ro 11ga-gil, Jongno-gu, Seoul",익선동 한옥거리,https://korean.visitseoul.net/attractions/IkseongdongHanokVillage/ENP037008?utm_source=seoulopendata&utm_medium=attractions&utm_content=ENP037008,4.5,"#전통거리, #익선동한옥거리, #서울나들이, #서울산책, #서울한옥, #한국문화, #한국전통, #데이트코스추천, #익선동대이트, #서울데이트코스, #한옥거리, #서울걷기좋은곳, #서울데이트, #익선동",정보 없음,익선동 한옥거리_1.jpg,익선동 한옥거리_2.jpg,익선동 한옥거리_3.jpg,익선동 한옥거리_4.jpg
"03080 101, Daehak-ro, Jongno-gu, Seoul",의학박물관 (구 대한의원),https://korean.visitseoul.net/attractions/Museum-of-Medicine/ENP000846?utm_source=seoulopendata&utm_medium=attractions&utm_content=ENP000846,4.0,"#서울대학교, # 박물관, # 의학박물관, #종로구연건동, # 전시, #서울대학교병원, #혜화역, #역사","일요일, 공휴일, 근로자의 날5월 1일, 법인화 기념일10월 15일",의학박물관 (구 대한의원)_1.jpg,의학박물관 (구 대한의원)_2.jpg,의학박물관 (구 대한의원)_3.jpg,의학박물관 (구 대한의원)_4.jpg
04383 서울시 용산구 용빈고로 137 (용산동 6가) 국립중앙박물관,국립중앙박물관 어린이박물관,https://korean.visitseoul.net/attractions/childrens-museum-of-the-national-museum-of-korea-jp/JPP020547?utm_source=seoulopendata&utm_medium=attractions&utm_content=JPP020547,4.5,"#박물관, #문화재, #유물, #이촌역, #전시, #관광지, #관람, #국립중앙박물관, #어린이박물관","1월 1일설날, 추석 당일기타 국립중앙박물관장이 지정한 날",국립중앙박물관 어린이박물관_1.jpg,국립중앙박물관 어린이박물관_2.jpg,국립중앙박물관 어린이박물관_3.jpg,국립중앙박물관 어린이박물관_4.jpg
03062 서울시 종로구 삼청로 30(소격동),국립현대미술관 서울관 갤러리아트존,https://korean.visitseoul.net/attractions/Gallery-Art-Zone/ENP016792?utm_source=seoulopendata&utm_medium=attractions&utm_content=ENP016792,4.5,"#아트, # 아트콜라보레이션, # 미술관, # 갤러리아트존, # 전시, # 국립현대미술관, #안국역, # 예술, #광화문, # 현대자동차, # 갤러리, #소격동","월1월1일설날, 추석",국립현대미술관 서울관 갤러리아트존_1.jpg,국립현대미술관 서울관 갤러리아트존_2.jpg,국립현대미술관 서울관 갤러리아트존_3.jpg,국립현대미술관 서울관 갤러리아트존_4.jpg
100-041 서울시 중구 퇴계로18길 66,초전섬유퀼트박물관,https://korean.visitseoul.net/attractions/草田纖維博物館/TCP006463?utm_source=seoulopendata&utm_medium=attractions&utm_content=TCP006463,2.0,"#섬유박물관, # 바느질, # 전통, # 남산, # 박물관, # 초전섬유퀼트박물관, #궁중의상, # 명동, # 전시, # 전통자수, # 예술, #명동역","토일요일, 공휴일",초전섬유퀼트박물관_1.jpg,초전섬유퀼트박물관_2.jpg,초전섬유퀼트박물관_3.jpg,초전섬유퀼트박물관_4.jpg
02822 서울시 성북(성북)구 태사광로121 (성북동),한국가구박물관,https://korean.visitseoul.net/attractions/korea-furniture-museum-jp/JPP003452?utm_source=seoulopendata&utm_medium=attractions&utm_content=JPP003452,4.5,"#문화, # 전시, # 목가구, # 가구박물관, #목재, # 성북동, #전통가구, # 가구, # 한국가구박물관, #한성대입구역, #박물관","일, 월1월 1일설날, 추석 연휴",한국가구박물관_1.jpg,한국가구박물관_2.jpg,한국가구박물관_3.jpg,한국가구박물관_4.jpg
(우)01095 서울시 강북구 화계사길 117,화계사,https://korean.visitseoul.net/attractions/華溪寺/TCP002021?utm_source=seoulopendata&utm_medium=attractions&utm_content=TCP002021,5.0,"#화계사, # 수유역, # 흥선대원군, # 템플스테이, #사찰, #삼각산, #숲, # 자연",정보 없음,화계사_1.jpg,화계사_2.jpg,화계사_3.jpg,화계사_4.jpg
03053 서울특별시 종로구 삼청로 50 (소격동),갤러리 학고재,https://korean.visitseoul.net/attractions/갤러리-학고재/KOP001871?utm_source=seoulopendata&utm_medium=attractions&utm_content=KOP001871,5.0,"# 문화, # 북촌갤러리, # 삼청동갤러리, # 종로구, #인사동, # 미술관, #안국역, # 학고재, #소격동, #갤러리, # 북촌",월,갤러리 학고재_1.jpg,갤러리 학고재_2.jpg,갤러리 학고재_3.jpg,갤러리 학고재_4.jpg
"08826 서울 관악구 관악로 1 (신림동, 서울대학교) 서울대학교 미술관 (서울대학교 내)",서울대학교 미술관 MoA,https://korean.visitseoul.net/attractions/서울대학교-미술관-MoA/KOP003319?utm_source=seoulopendata&utm_medium=attractions&utm_content=KOP003319,3.5,"#미술관, # 서울대, # 문화, # 서울대학교미술관, # 렘쿨하스, # 서울대학교, # 신림동, #MoA, # 서울대입구역","월개교기념일10월 15일1월 1일구정, 추석 당일전시준비기간",서울대학교 미술관 MoA_1.jpg,서울대학교 미술관 MoA_2.jpg,서울대학교 미술관 MoA_3.jpg,서울대학교 미술관 MoA_4.jpg
03058 서울 종로구 율곡로 83 (원서동),아라리오뮤지엄 인 스페이스,https://korean.visitseoul.net/attractions/아라리오뮤지엄-인-스페이스/KOP020731?utm_source=seoulopendata&utm_medium=attractions&utm_content=KOP020731,4.5,"#문화공간, #아라리오, # 예술, # 현대미술, # 안국역, # 아라리오뮤지엄, # 전시, # 미술관, # 아트뮤지엄, #뮤지엄",월,아라리오뮤지엄 인 스페이스_1.jpg,아라리오뮤지엄 인 스페이스_2.jpg,아라리오뮤지엄 인 스페이스_3.jpg,아라리오뮤지엄 인 스페이스_4.jpg
